timeframe,local_date,start_utc,end_utc,hours,note,raw_rows_inside,refill_rows_inside,m1_minutes_inside,raw_prev_bar_end_utc,raw_next_bar_start_utc,edges_equal_raw_gap
15m@v1,2017-12-25,2017-12-24T22:00Z,2017-12-25T22:00Z,24.0,クリスマスの休場（取引日単位。前日 17:00〜当日 17:00）,0,0,0,2017-12-22T22:00Z,2017-12-25T22:00Z,False
15m@v1,2018-01-01,2017-12-31T22:00Z,2018-01-01T22:00Z,24.0,元日の休場（取引日単位。前日 17:00〜当日 17:00）,0,0,0,2017-12-29T22:00Z,2018-01-01T22:00Z,False
15m@v1,2018-12-25,2018-12-25T08:00Z,2018-12-25T22:00Z,14.0,クリスマスの短縮セッション（03:00〜17:00 を休場。15分足・1時間足の全20系列に共通する欠落区間から読み取り）,0,0,0,2018-12-25T08:00Z,2018-12-25T22:00Z,True
15m@v1,2019-01-01,2018-12-31T22:00Z,2019-01-01T22:00Z,24.0,元日の休場（取引日単位。前日 17:00〜当日 17:00）,0,0,0,2018-12-31T22:00Z,2019-01-01T22:00Z,True
15m@v1,2019-12-25,2019-12-25T09:00Z,2019-12-25T22:00Z,13.0,クリスマスの短縮セッション（04:00〜17:00 を休場。15分足・1時間足の全20系列に共通する欠落区間から読み取り）,0,0,0,2019-12-25T08:00Z,2019-12-25T22:00Z,False
15m@v1,2020-01-01,2019-12-31T22:00Z,2020-01-01T22:00Z,24.0,元日の休場（取引日単位。前日 17:00〜当日 17:00）,0,0,0,2019-12-31T22:00Z,2020-01-01T22:00Z,True
15m@v1,2020-12-25,2020-12-25T08:00Z,2020-12-25T22:00Z,14.0,クリスマスの短縮セッション（03:00〜17:00 を休場。15分足・1時間足の全20系列に共通する欠落区間から読み取り）,0,0,0,2020-12-25T08:00Z,2020-12-27T22:00Z,False
15m@v1,2021-01-01,2020-12-31T22:00Z,2021-01-01T22:00Z,24.0,元日の休場（取引日単位。前日 17:00〜当日 17:00）,0,0,0,2020-12-31T22:00Z,2021-01-03T22:00Z,False
15m@v1,2023-12-25,2023-12-25T08:00Z,2023-12-25T22:00Z,14.0,クリスマスの短縮セッション（03:00〜17:00 を休場。15分足・1時間足の全20系列に共通する欠落区間から読み取り）,0,0,0,2023-12-25T08:00Z,2023-12-25T22:00Z,True
15m@v1,2024-01-01,2023-12-31T22:00Z,2024-01-01T22:00Z,24.0,元日の休場（取引日単位。前日 17:00〜当日 17:00）,0,0,0,2023-12-29T22:00Z,2024-01-01T22:00Z,False
15m@v1,2024-12-25,2024-12-25T08:00Z,2024-12-25T22:00Z,14.0,クリスマスの短縮セッション（03:00〜17:00 を休場。15分足・1時間足の全20系列に共通する欠落区間から読み取り）,0,0,0,2024-12-25T08:00Z,2024-12-25T22:00Z,True
15m@v1,2025-01-01,2024-12-31T22:00Z,2025-01-01T22:00Z,24.0,元日の休場（取引日単位。前日 17:00〜当日 17:00）,0,0,0,2024-12-31T22:00Z,2025-01-01T22:00Z,True
15m@v1,2025-12-25,2025-12-25T08:00Z,2025-12-25T22:00Z,14.0,クリスマスの短縮セッション（03:00〜17:00 を休場。15分足・1時間足の全20系列に共通する欠落区間から読み取り）,0,0,0,2025-12-25T08:00Z,2025-12-25T22:00Z,True
15m@v1,2026-01-01,2025-12-31T22:00Z,2026-01-01T22:00Z,24.0,元日の休場（取引日単位。前日 17:00〜当日 17:00）,0,0,0,2025-12-31T22:00Z,2026-01-01T22:00Z,True
1h@v1,2017-12-25,2017-12-24T22:00Z,2017-12-25T22:00Z,24.0,クリスマスの休場（取引日単位。前日 17:00〜当日 17:00）,0,0,0,2017-12-22T22:00Z,2017-12-25T22:00Z,False
1h@v1,2018-01-01,2017-12-31T22:00Z,2018-01-01T22:00Z,24.0,元日の休場（取引日単位。前日 17:00〜当日 17:00）,0,0,0,2017-12-29T22:00Z,2018-01-01T22:00Z,False
1h@v1,2018-12-25,2018-12-25T08:00Z,2018-12-25T22:00Z,14.0,クリスマスの短縮セッション（03:00〜17:00 を休場。15分足・1時間足の全20系列に共通する欠落区間から読み取り）,0,0,0,2018-12-25T08:00Z,2018-12-25T22:00Z,True
1h@v1,2019-01-01,2018-12-31T22:00Z,2019-01-01T22:00Z,24.0,元日の休場（取引日単位。前日 17:00〜当日 17:00）,0,0,0,2018-12-31T22:00Z,2019-01-01T22:00Z,True
1h@v1,2019-12-25,2019-12-25T09:00Z,2019-12-25T22:00Z,13.0,クリスマスの短縮セッション（04:00〜17:00 を休場。15分足・1時間足の全20系列に共通する欠落区間から読み取り）,0,0,0,2019-12-25T08:00Z,2019-12-25T22:00Z,False
1h@v1,2020-01-01,2019-12-31T22:00Z,2020-01-01T22:00Z,24.0,元日の休場（取引日単位。前日 17:00〜当日 17:00）,0,0,0,2019-12-31T22:00Z,2020-01-01T22:00Z,True
1h@v1,2020-12-25,2020-12-25T08:00Z,2020-12-25T22:00Z,14.0,クリスマスの短縮セッション（03:00〜17:00 を休場。15分足・1時間足の全20系列に共通する欠落区間から読み取り）,0,0,0,2020-12-25T08:00Z,2020-12-27T22:00Z,False
1h@v1,2021-01-01,2020-12-31T22:00Z,2021-01-01T22:00Z,24.0,元日の休場（取引日単位。前日 17:00〜当日 17:00）,0,0,0,2020-12-31T22:00Z,2021-01-03T22:00Z,False
1h@v1,2023-12-25,2023-12-25T08:00Z,2023-12-25T22:00Z,14.0,クリスマスの短縮セッション（03:00〜17:00 を休場。15分足・1時間足の全20系列に共通する欠落区間から読み取り）,0,0,0,2023-12-25T08:00Z,2023-12-25T22:00Z,True
1h@v1,2024-01-01,2023-12-31T22:00Z,2024-01-01T22:00Z,24.0,元日の休場（取引日単位。前日 17:00〜当日 17:00）,0,0,0,2023-12-29T22:00Z,2024-01-01T22:00Z,False
1h@v1,2024-12-25,2024-12-25T08:00Z,2024-12-25T22:00Z,14.0,クリスマスの短縮セッション（03:00〜17:00 を休場。15分足・1時間足の全20系列に共通する欠落区間から読み取り）,0,0,0,2024-12-25T08:00Z,2024-12-25T22:00Z,True
1h@v1,2025-01-01,2024-12-31T22:00Z,2025-01-01T22:00Z,24.0,元日の休場（取引日単位。前日 17:00〜当日 17:00）,0,0,0,2024-12-31T22:00Z,2025-01-01T22:00Z,True
1h@v1,2025-12-25,2025-12-25T08:00Z,2025-12-25T22:00Z,14.0,クリスマスの短縮セッション（03:00〜17:00 を休場。15分足・1時間足の全20系列に共通する欠落区間から読み取り）,0,0,0,2025-12-25T08:00Z,2025-12-25T22:00Z,True
1h@v1,2026-01-01,2025-12-31T22:00Z,2026-01-01T22:00Z,24.0,元日の休場（取引日単位。前日 17:00〜当日 17:00）,0,0,0,2025-12-31T22:00Z,2026-01-01T22:00Z,True
