timeframe,start_utc,end_utc,hours,year_of_bar_end,access_class,bars,m1_minutes,bars_with_m1,origin,acceptance,refilled_bars,after_refill,prev_raw_bar_utc,prev_raw_source,next_raw_bar_utc,next_raw_source
15m@v1,2016-12-25T22:00Z,2016-12-25T22:30Z,0.5,2016,RESEARCH_HISTORY,2,0,0,M1_ABSENT,RAW_GAP,0,REMAINS,2016-12-23T21:45Z,histdata,2016-12-25T22:30Z,histdata
15m@v1,2016-12-26T07:00Z,2016-12-26T23:00Z,16.0,2016,RESEARCH_HISTORY,64,0,0,M1_ABSENT,RAW_GAP,0,REMAINS,2016-12-26T06:45Z,histdata,2016-12-26T23:00Z,histdata
15m@v1,2017-01-01T22:00Z,2017-01-02T07:00Z,9.0,2017,RESEARCH_HISTORY,36,0,0,M1_ABSENT,RAW_GAP,0,REMAINS,2016-12-30T21:45Z,histdata,2017-01-02T07:00Z,histdata
15m@v1,2019-03-10T21:00Z,2019-03-10T22:00Z,1.0,2019,RESEARCH_HISTORY,4,0,0,M1_ABSENT,APPEARED_BY_CORRECTION,0,REMAINS,2019-03-08T21:45Z,histdata,2019-03-10T22:00Z,histdata
15m@v1,2019-03-31T23:00Z,2019-04-01T00:00Z,1.0,2019,RESEARCH_HISTORY,4,0,0,M1_ABSENT,RAW_GAP,4,FILLED,2019-03-31T22:45Z,histdata,2019-04-01T00:00Z,histdata
15m@v1,2019-05-26T21:00Z,2019-05-26T23:45Z,2.75,2019,RESEARCH_HISTORY,11,0,0,M1_ABSENT,RAW_GAP,0,REMAINS,2019-05-24T20:45Z,histdata,2019-05-26T23:45Z,histdata
15m@v1,2019-12-24T22:00Z,2019-12-24T23:00Z,1.0,2019,RESEARCH_HISTORY,4,0,0,M1_ABSENT,RAW_GAP,0,REMAINS,2019-12-24T21:45Z,histdata,2019-12-24T23:00Z,histdata
15m@v1,2019-12-25T08:00Z,2019-12-25T09:00Z,1.0,2019,RESEARCH_HISTORY,4,0,0,M1_ABSENT,RAW_GAP,0,REMAINS,2019-12-25T07:45Z,histdata,2019-12-25T22:00Z,histdata
15m@v1,2019-12-31T15:00Z,2019-12-31T16:00Z,1.0,2019,RESEARCH_HISTORY,4,0,0,M1_ABSENT,RAW_GAP,4,FILLED,2019-12-31T14:45Z,histdata,2019-12-31T16:00Z,histdata
15m@v1,2020-03-29T23:00Z,2020-03-30T00:00Z,1.0,2020,RESEARCH_HISTORY,4,0,0,M1_ABSENT,RAW_GAP,4,FILLED,2020-03-29T22:45Z,histdata,2020-03-30T00:00Z,histdata
15m@v1,2020-11-30T05:00Z,2020-12-01T00:00Z,19.0,2020,RESEARCH_HISTORY,76,0,0,M1_ABSENT,RAW_GAP,76,FILLED,2020-11-30T04:45Z,histdata,2020-12-01T00:00Z,histdata
15m@v1,2021-03-28T23:00Z,2021-03-29T00:00Z,1.0,2021,RESEARCH_HISTORY,4,0,0,M1_ABSENT,RAW_GAP,4,FILLED,2021-03-28T22:45Z,histdata,2021-03-29T00:00Z,histdata
15m@v1,2021-05-31T04:00Z,2021-06-01T00:00Z,20.0,2021,RESEARCH_HISTORY,80,0,0,M1_ABSENT,RAW_GAP,80,FILLED,2021-05-31T03:45Z,histdata,2021-06-01T00:00Z,histdata
15m@v1,2022-03-27T23:00Z,2022-03-28T00:00Z,1.0,2022,RESEARCH_HISTORY,4,0,0,M1_ABSENT,RAW_GAP,4,FILLED,2022-03-27T22:45Z,histdata,2022-03-28T00:00Z,histdata
15m@v1,2022-06-26T21:00Z,2022-06-26T21:30Z,0.5,2022,RESEARCH_HISTORY,2,0,0,M1_ABSENT,RAW_GAP,0,REMAINS,2022-06-24T20:45Z,histdata,2022-06-26T21:30Z,histdata
15m@v1,2022-09-01T03:00Z,2022-09-01T04:00Z,1.0,2022,RESEARCH_HISTORY,4,0,0,M1_ABSENT,RAW_GAP,4,FILLED,2022-09-01T02:45Z,histdata,2022-09-01T04:00Z,histdata
15m@v1,2022-09-01T18:00Z,2022-09-01T19:00Z,1.0,2022,RESEARCH_HISTORY,4,0,0,M1_ABSENT,RAW_GAP,4,FILLED,2022-09-01T17:45Z,histdata,2022-09-01T19:00Z,histdata
15m@v1,2023-09-25T10:15Z,2023-09-25T11:00Z,0.75,2023,RESEARCH_HISTORY,3,0,0,M1_ABSENT,RAW_GAP,0,REMAINS,2023-09-25T10:00Z,histdata,2023-09-25T11:00Z,histdata
15m@v1,2023-12-24T22:00Z,2023-12-24T23:30Z,1.5,2023,RESEARCH_HISTORY,6,0,0,M1_ABSENT,RAW_GAP,0,REMAINS,2023-12-22T21:45Z,histdata,2023-12-24T23:30Z,histdata
15m@v1,2024-03-31T23:00Z,2024-04-01T00:00Z,1.0,2024,LEGACY_HOLDOUT,4,0,0,M1_ABSENT,RAW_GAP,0,REMAINS,2024-03-31T22:45Z,histdata,2024-04-01T00:00Z,histdata
15m@v1,2024-08-05T16:00Z,2024-08-05T18:00Z,2.0,2024,LEGACY_HOLDOUT,8,0,0,M1_ABSENT,RAW_GAP,0,REMAINS,2024-08-05T15:45Z,histdata,2024-08-05T18:00Z,histdata
15m@v1,2024-08-05T20:00Z,2024-08-05T21:00Z,1.0,2024,LEGACY_HOLDOUT,4,0,0,M1_ABSENT,RAW_GAP,0,REMAINS,2024-08-05T19:45Z,histdata,2024-08-05T21:00Z,histdata
15m@v1,2024-08-05T22:00Z,2024-08-05T23:00Z,1.0,2024,LEGACY_HOLDOUT,4,0,0,M1_ABSENT,RAW_GAP,0,REMAINS,2024-08-05T21:45Z,histdata,2024-08-05T23:00Z,histdata
15m@v1,2024-10-22T16:00Z,2024-10-23T00:00Z,8.0,2024,LEGACY_HOLDOUT,32,0,0,M1_ABSENT,RAW_GAP,0,REMAINS,2024-10-22T15:45Z,histdata,2024-10-23T00:00Z,histdata
15m@v1,2024-10-31T16:00Z,2024-11-01T00:00Z,8.0,2024,LEGACY_HOLDOUT,32,0,0,M1_ABSENT,PARTLY_BY_CORRECTION,0,REMAINS,2024-10-31T15:45Z,histdata,2024-11-01T00:00Z,histdata
15m@v1,2024-11-14T14:00Z,2024-11-14T15:00Z,1.0,2024,LEGACY_HOLDOUT,4,0,0,M1_ABSENT,RAW_GAP,0,REMAINS,2024-11-14T13:45Z,histdata,2024-11-14T15:00Z,histdata
15m@v1,2024-11-14T16:00Z,2024-11-14T17:00Z,1.0,2024,LEGACY_HOLDOUT,4,0,0,M1_ABSENT,RAW_GAP,0,REMAINS,2024-11-14T15:45Z,histdata,2024-11-14T17:00Z,histdata
15m@v1,2024-12-24T22:15Z,2024-12-24T22:30Z,0.25,2024,LEGACY_HOLDOUT,1,0,0,M1_ABSENT,RAW_GAP,0,REMAINS,2024-12-24T22:00Z,histdata,2024-12-24T22:30Z,histdata
15m@v1,2025-03-30T23:00Z,2025-03-31T00:00Z,1.0,2025,LEGACY_HOLDOUT,4,0,0,M1_ABSENT,RAW_GAP,0,REMAINS,2025-03-30T22:45Z,histdata,2025-03-31T00:00Z,histdata
15m@v1,2025-04-09T21:00Z,2025-04-09T21:15Z,0.25,2025,LEGACY_HOLDOUT,1,0,0,M1_ABSENT,RAW_GAP,0,REMAINS,2025-04-09T20:45Z,histdata,2025-04-09T21:15Z,histdata
15m@v1,2026-03-29T23:00Z,2026-03-30T00:00Z,1.0,2026,QUARANTINED_UNASSIGNED,4,0,0,M1_ABSENT,RAW_GAP,0,REMAINS,2026-03-29T22:45Z,histdata,2026-03-30T00:00Z,histdata
1h@v1,2016-12-26T07:00Z,2016-12-26T23:00Z,16.0,2016,RESEARCH_HISTORY,16,0,0,M1_ABSENT,RAW_GAP,0,REMAINS,2016-12-26T06:00Z,histdata,2016-12-26T23:00Z,histdata
1h@v1,2017-01-01T22:00Z,2017-01-02T07:00Z,9.0,2017,RESEARCH_HISTORY,9,0,0,M1_ABSENT,RAW_GAP,0,REMAINS,2016-12-30T21:00Z,histdata,2017-01-02T07:00Z,histdata
1h@v1,2019-03-10T21:00Z,2019-03-10T22:00Z,1.0,2019,RESEARCH_HISTORY,1,0,0,M1_ABSENT,APPEARED_BY_CORRECTION,0,REMAINS,2019-03-08T21:00Z,histdata,2019-03-10T22:00Z,histdata
1h@v1,2019-03-31T23:00Z,2019-04-01T00:00Z,1.0,2019,RESEARCH_HISTORY,1,0,0,M1_ABSENT,RAW_GAP,1,FILLED,2019-03-31T22:00Z,histdata,2019-04-01T00:00Z,histdata
1h@v1,2019-05-26T21:00Z,2019-05-26T23:00Z,2.0,2019,RESEARCH_HISTORY,2,0,0,M1_ABSENT,RAW_GAP,0,REMAINS,2019-05-24T20:00Z,histdata,2019-05-26T23:00Z,histdata
1h@v1,2019-12-24T22:00Z,2019-12-24T23:00Z,1.0,2019,RESEARCH_HISTORY,1,0,0,M1_ABSENT,RAW_GAP,0,REMAINS,2019-12-24T21:00Z,histdata,2019-12-24T23:00Z,histdata
1h@v1,2019-12-25T08:00Z,2019-12-25T09:00Z,1.0,2019,RESEARCH_HISTORY,1,0,0,M1_ABSENT,RAW_GAP,0,REMAINS,2019-12-25T07:00Z,histdata,2019-12-25T22:00Z,histdata
1h@v1,2019-12-31T15:00Z,2019-12-31T16:00Z,1.0,2019,RESEARCH_HISTORY,1,0,0,M1_ABSENT,RAW_GAP,1,FILLED,2019-12-31T14:00Z,histdata,2019-12-31T16:00Z,histdata
1h@v1,2020-03-29T23:00Z,2020-03-30T00:00Z,1.0,2020,RESEARCH_HISTORY,1,0,0,M1_ABSENT,RAW_GAP,1,FILLED,2020-03-29T22:00Z,histdata,2020-03-30T00:00Z,histdata
1h@v1,2020-11-30T05:00Z,2020-12-01T00:00Z,19.0,2020,RESEARCH_HISTORY,19,0,0,M1_ABSENT,RAW_GAP,19,FILLED,2020-11-30T04:00Z,histdata,2020-12-01T00:00Z,histdata
1h@v1,2021-03-28T23:00Z,2021-03-29T00:00Z,1.0,2021,RESEARCH_HISTORY,1,0,0,M1_ABSENT,RAW_GAP,1,FILLED,2021-03-28T22:00Z,histdata,2021-03-29T00:00Z,histdata
1h@v1,2021-05-31T04:00Z,2021-06-01T00:00Z,20.0,2021,RESEARCH_HISTORY,20,0,0,M1_ABSENT,RAW_GAP,20,FILLED,2021-05-31T03:00Z,histdata,2021-06-01T00:00Z,histdata
1h@v1,2022-03-27T23:00Z,2022-03-28T00:00Z,1.0,2022,RESEARCH_HISTORY,1,0,0,M1_ABSENT,RAW_GAP,1,FILLED,2022-03-27T22:00Z,histdata,2022-03-28T00:00Z,histdata
1h@v1,2022-09-01T03:00Z,2022-09-01T04:00Z,1.0,2022,RESEARCH_HISTORY,1,0,0,M1_ABSENT,RAW_GAP,1,FILLED,2022-09-01T02:00Z,histdata,2022-09-01T04:00Z,histdata
1h@v1,2022-09-01T18:00Z,2022-09-01T19:00Z,1.0,2022,RESEARCH_HISTORY,1,0,0,M1_ABSENT,RAW_GAP,1,FILLED,2022-09-01T17:00Z,histdata,2022-09-01T19:00Z,histdata
1h@v1,2023-12-24T22:00Z,2023-12-24T23:00Z,1.0,2023,RESEARCH_HISTORY,1,0,0,M1_ABSENT,RAW_GAP,0,REMAINS,2023-12-22T21:00Z,histdata,2023-12-24T23:00Z,histdata
1h@v1,2024-03-31T23:00Z,2024-04-01T00:00Z,1.0,2024,LEGACY_HOLDOUT,1,0,0,M1_ABSENT,RAW_GAP,0,REMAINS,2024-03-31T22:00Z,histdata,2024-04-01T00:00Z,histdata
1h@v1,2024-08-05T16:00Z,2024-08-05T18:00Z,2.0,2024,LEGACY_HOLDOUT,2,0,0,M1_ABSENT,RAW_GAP,0,REMAINS,2024-08-05T15:00Z,histdata,2024-08-05T18:00Z,histdata
1h@v1,2024-08-05T20:00Z,2024-08-05T21:00Z,1.0,2024,LEGACY_HOLDOUT,1,0,0,M1_ABSENT,RAW_GAP,0,REMAINS,2024-08-05T19:00Z,histdata,2024-08-05T21:00Z,histdata
1h@v1,2024-08-05T22:00Z,2024-08-05T23:00Z,1.0,2024,LEGACY_HOLDOUT,1,0,0,M1_ABSENT,RAW_GAP,0,REMAINS,2024-08-05T21:00Z,histdata,2024-08-05T23:00Z,histdata
1h@v1,2024-10-22T16:00Z,2024-10-23T00:00Z,8.0,2024,LEGACY_HOLDOUT,8,0,0,M1_ABSENT,RAW_GAP,0,REMAINS,2024-10-22T15:00Z,histdata,2024-10-23T00:00Z,histdata
1h@v1,2024-10-31T16:00Z,2024-11-01T00:00Z,8.0,2024,LEGACY_HOLDOUT,8,0,0,M1_ABSENT,PARTLY_BY_CORRECTION,0,REMAINS,2024-10-31T15:00Z,histdata,2024-11-01T00:00Z,histdata
1h@v1,2024-11-14T14:00Z,2024-11-14T15:00Z,1.0,2024,LEGACY_HOLDOUT,1,0,0,M1_ABSENT,RAW_GAP,0,REMAINS,2024-11-14T13:00Z,histdata,2024-11-14T15:00Z,histdata
1h@v1,2024-11-14T16:00Z,2024-11-14T17:00Z,1.0,2024,LEGACY_HOLDOUT,1,0,0,M1_ABSENT,RAW_GAP,0,REMAINS,2024-11-14T15:00Z,histdata,2024-11-14T17:00Z,histdata
1h@v1,2025-03-30T23:00Z,2025-03-31T00:00Z,1.0,2025,LEGACY_HOLDOUT,1,0,0,M1_ABSENT,RAW_GAP,0,REMAINS,2025-03-30T22:00Z,histdata,2025-03-31T00:00Z,histdata
1h@v1,2026-03-29T23:00Z,2026-03-30T00:00Z,1.0,2026,QUARANTINED_UNASSIGNED,1,0,0,M1_ABSENT,RAW_GAP,0,REMAINS,2026-03-29T22:00Z,histdata,2026-03-30T00:00Z,histdata
