file,sha256,rows,first_label,last_label
DAT_ASCII_USDJPY_M1_2016.csv,160d06f76ddf83603cd2ccf01d0499d466b7771a9a096e01dc48cd70602c1561,372417,2016-01-03T17:00,2016-12-30T16:57
DAT_ASCII_USDJPY_M1_2017.csv,849f3c89d84f5db0150604306e45f07586865f40a33ca5d363f48df381b85a2b,371298,2017-01-02T02:00,2017-12-29T16:58
DAT_ASCII_USDJPY_M1_2018.csv,f919d4601444101a8554511d86cb7a0784582d7389fda524b14110c79c699688,371800,2018-01-01T17:00,2018-12-31T16:58
DAT_ASCII_USDJPY_M1_2019.csv,733abb305f9a0e8f0f50c5cfc0faf2df35c10c5751866f4242e0597eaccb6287,372585,2019-01-01T17:00,2019-12-31T16:58
DAT_ASCII_USDJPY_M1_2020.csv,beed111e597a13d0cda49aba3e7fd461bae74373850bc3277835a10733c32619,372200,2020-01-01T17:00,2020-12-31T16:58
DAT_ASCII_USDJPY_M1_2021.csv,b919c9287af48287c35e165e474d4a84966db969bf92440c7e69f922f1e788fb,369393,2021-01-03T17:00,2021-12-31T16:58
DAT_ASCII_USDJPY_M1_2022.csv,50497b84db367c0f0b6c4e39fa4e624fbd0a3eede7823b43156d30b55008f3dd,372596,2022-01-02T17:00,2022-12-30T16:58
DAT_ASCII_USDJPY_M1_2023.csv,324aaaa614fb66198b9789725a7ff0177e98fbe4d5d4847c4d53df0f57a17ed9,322956,2023-01-01T17:00,2023-12-29T16:58
DAT_ASCII_USDJPY_M1_2024.csv,a5f671ee6d4cf607c929e0189252b5732a5730080e056fe57f83d490bfe9efee,372083,2024-01-01T17:00,2024-12-31T16:58
DAT_ASCII_USDJPY_M1_2025.csv,2be5ead3405ef7d5ff46c2ac8d1c2bb3f93cf26681ad6148777d7acf44681b74,371703,2025-01-01T17:04,2025-12-31T16:57
DAT_ASCII_USDJPY_M1_202601.csv,c097d96e116880d775a96261c77b6b48efb941fe1834987788c1121f03845fbb,30128,2026-01-01T17:04,2026-01-30T16:58
DAT_ASCII_USDJPY_M1_202602.csv,dcbb994b2c6f0670747af39958d112cd9d878ca74b4e9988521b4f6adbaf200e,28731,2026-02-01T17:00,2026-02-27T16:58
DAT_ASCII_USDJPY_M1_202603.csv,7732e4bc97118e54f35db159a658840594cc761ea3cb78ad21617bc995b0d966,31931,2026-03-01T17:00,2026-03-31T23:58
DAT_ASCII_USDJPY_M1_202604.csv,ba4618b36660f8f09d2d60ced5be162ba8054549969a46a6976e9f61549c4d06,11004,2026-04-01T00:00,2026-04-10T16:58
DAT_ASCII_USDJPY_M1_202605.csv,e883e745af07672e84ed7c26127439c52a2f42aad5d81e2e81be8445ce980e41,30054,2026-05-01T00:00,2026-05-31T23:58
DAT_ASCII_USDJPY_M1_202606.csv,5f092effe0abf571386191eefbce2c9e436006f73ef61281989051f66be0931c,27960,2026-06-01T00:00,2026-06-26T16:58
