timeframe,year_of_bar_end,source,verdict,bars
15m@v1,2016,histdata,EQUAL,24894
15m@v1,2017,histdata,EQUAL,24828
15m@v1,2018,histdata,EQUAL,24904
15m@v1,2019,histdata,EQUAL,24877
15m@v1,2020,histdata,EQUAL,24920
15m@v1,2021,histdata,EQUAL,24876
15m@v1,2022,histdata,EQUAL,24946
15m@v1,2023,dukascopy,DIFFERENT,5728
15m@v1,2023,dukascopy,EQUAL,3364
15m@v1,2023,dukascopy,NO_M1,3296
15m@v1,2023,histdata,EQUAL,12507
1h@v1,2016,histdata,EQUAL,6224
1h@v1,2017,histdata,EQUAL,6207
1h@v1,2018,histdata,EQUAL,6226
1h@v1,2019,histdata,EQUAL,6220
1h@v1,2020,histdata,EQUAL,6230
1h@v1,2021,histdata,EQUAL,6219
1h@v1,2022,histdata,EQUAL,6237
1h@v1,2023,dukascopy,DIFFERENT,1414
1h@v1,2023,dukascopy,EQUAL,859
1h@v1,2023,dukascopy,NO_M1,824
1h@v1,2023,histdata,EQUAL,3128
