timeframe,year_of_bar_end,source,rows
15m@v1,2016,histdata,24894
15m@v1,2017,histdata,24828
15m@v1,2018,histdata,24904
15m@v1,2019,histdata,24877
15m@v1,2020,histdata,24920
15m@v1,2021,histdata,24876
15m@v1,2022,histdata,24946
15m@v1,2023,dukascopy,12388
15m@v1,2023,histdata,12507
15m@v1,2024,histdata,24907
15m@v1,2025,histdata,24899
15m@v1,2026,histdata,6812
1h@v1,2016,histdata,6224
1h@v1,2017,histdata,6207
1h@v1,2018,histdata,6226
1h@v1,2019,histdata,6220
1h@v1,2020,histdata,6230
1h@v1,2021,histdata,6219
1h@v1,2022,histdata,6237
1h@v1,2023,dukascopy,3097
1h@v1,2023,histdata,3128
1h@v1,2024,histdata,6227
1h@v1,2025,histdata,6225
1h@v1,2026,histdata,1703
