timeframe,start_utc,end_utc,bars,m1_minutes
15m@v1,2019-03-15T20:00Z,2019-03-15T21:00Z,4,60
15m@v1,2019-03-22T20:00Z,2019-03-22T21:00Z,4,60
15m@v1,2019-03-29T20:00Z,2019-03-29T21:00Z,4,60
15m@v1,2019-11-01T20:00Z,2019-11-01T21:00Z,4,60
15m@v1,2020-03-13T20:00Z,2020-03-13T21:00Z,4,60
15m@v1,2020-03-20T20:00Z,2020-03-20T21:00Z,4,60
15m@v1,2020-03-27T20:00Z,2020-03-27T21:00Z,4,60
15m@v1,2020-10-30T20:00Z,2020-10-30T21:00Z,4,60
15m@v1,2021-03-19T20:00Z,2021-03-19T21:00Z,4,59
15m@v1,2021-03-26T20:00Z,2021-03-26T21:00Z,4,60
15m@v1,2021-11-05T20:00Z,2021-11-05T21:00Z,4,60
15m@v1,2022-03-18T20:00Z,2022-03-18T21:00Z,4,60
15m@v1,2022-03-25T20:00Z,2022-03-25T21:00Z,4,60
15m@v1,2022-11-04T20:00Z,2022-11-04T21:00Z,4,60
15m@v1,2023-11-03T20:00Z,2023-11-03T21:00Z,4,60
15m@v1,2024-03-15T20:00Z,2024-03-15T21:00Z,4,60
15m@v1,2024-03-22T20:00Z,2024-03-22T21:00Z,4,59
15m@v1,2024-03-29T20:00Z,2024-03-29T21:00Z,4,59
15m@v1,2024-10-31T15:00Z,2024-10-31T16:00Z,4,60
15m@v1,2024-11-01T20:00Z,2024-11-01T21:00Z,4,60
15m@v1,2025-03-14T20:00Z,2025-03-14T21:00Z,4,59
15m@v1,2025-03-21T20:00Z,2025-03-21T21:00Z,4,60
15m@v1,2025-03-28T20:00Z,2025-03-28T21:00Z,4,60
15m@v1,2025-10-31T20:00Z,2025-10-31T21:00Z,4,60
15m@v1,2026-03-13T20:00Z,2026-03-13T21:00Z,4,60
15m@v1,2026-03-20T20:00Z,2026-03-20T21:00Z,4,60
15m@v1,2026-03-27T20:00Z,2026-03-27T21:00Z,4,60
1h@v1,2019-03-15T20:00Z,2019-03-15T21:00Z,1,60
1h@v1,2019-03-22T20:00Z,2019-03-22T21:00Z,1,60
1h@v1,2019-03-29T20:00Z,2019-03-29T21:00Z,1,60
1h@v1,2019-11-01T20:00Z,2019-11-01T21:00Z,1,60
1h@v1,2020-03-13T20:00Z,2020-03-13T21:00Z,1,60
1h@v1,2020-03-20T20:00Z,2020-03-20T21:00Z,1,60
1h@v1,2020-03-27T20:00Z,2020-03-27T21:00Z,1,60
1h@v1,2020-10-30T20:00Z,2020-10-30T21:00Z,1,60
1h@v1,2021-03-19T20:00Z,2021-03-19T21:00Z,1,59
1h@v1,2021-03-26T20:00Z,2021-03-26T21:00Z,1,60
1h@v1,2021-11-05T20:00Z,2021-11-05T21:00Z,1,60
1h@v1,2022-03-18T20:00Z,2022-03-18T21:00Z,1,60
1h@v1,2022-03-25T20:00Z,2022-03-25T21:00Z,1,60
1h@v1,2022-11-04T20:00Z,2022-11-04T21:00Z,1,60
1h@v1,2023-11-03T20:00Z,2023-11-03T21:00Z,1,60
1h@v1,2024-03-15T20:00Z,2024-03-15T21:00Z,1,60
1h@v1,2024-03-22T20:00Z,2024-03-22T21:00Z,1,59
1h@v1,2024-03-29T20:00Z,2024-03-29T21:00Z,1,59
1h@v1,2024-10-31T15:00Z,2024-10-31T16:00Z,1,60
1h@v1,2024-11-01T20:00Z,2024-11-01T21:00Z,1,60
1h@v1,2025-03-14T20:00Z,2025-03-14T21:00Z,1,59
1h@v1,2025-03-21T20:00Z,2025-03-21T21:00Z,1,60
1h@v1,2025-03-28T20:00Z,2025-03-28T21:00Z,1,60
1h@v1,2025-10-31T20:00Z,2025-10-31T21:00Z,1,60
1h@v1,2026-03-13T20:00Z,2026-03-13T21:00Z,1,60
1h@v1,2026-03-20T20:00Z,2026-03-20T21:00Z,1,60
1h@v1,2026-03-27T20:00Z,2026-03-27T21:00Z,1,60
