us_dst,uk_dst,in_correction_rule,sources,first_offset_h,last_offset_h,m1_label_to_utc_h,weeks
True,True,False,histdata,0.0,0.0,-4.0,287
False,False,False,histdata,0.0,0.0,-5.0,177
True,False,True,histdata,-1.0,-1.0,-5.0,25
True,True,False,dukascopy,0.0,0.0,-5.0,12
True,False,False,histdata,0.0,0.0,-4.0,9
True,True,False,dukascopy,0.0,0.0,-4.0,6
False,False,False,dukascopy,0.0,0.0,-5.0,5
False,False,False,histdata,24.0,0.0,-5.0,3
True,False,False,dukascopy,0.0,0.0,-5.0,2
False,False,False,dukascopy|histdata,0.0,0.0,-5.0,1
False,False,False,histdata,0.0,-14.0,-5.0,1
False,False,False,histdata,0.0,-24.0,-5.0,1
False,False,False,histdata,0.5,0.0,-5.0,1
False,False,False,histdata,1.5,0.0,-5.0,1
False,False,False,histdata,9.0,0.0,-5.0,1
True,False,True,histdata,0.0,-1.0,-5.0,1
True,True,False,dukascopy|histdata,0.0,0.0,-4.0,1
True,True,False,histdata,0.5,0.0,-4.0,1
True,True,False,histdata,2.75,0.0,-4.0,1
