timeframe,year_of_bar_end,access_class,first_bar_utc,last_bar_end_utc,raw_rows,refill_rows,expected_bars,missing_bars_raw_csv,missing_bars_after_refill,gap_intervals_raw_csv,gap_hours_raw_csv,gap_intervals_snapshot,gap_hours_snapshot,same_intervals
15m@v1,2016,RESEARCH_HISTORY,2016-01-03T22:00Z,2016-12-30T22:00Z,24894,0,24960,66,66,2,16.5,2,16.5,True
15m@v1,2017,RESEARCH_HISTORY,2017-01-02T07:00Z,2017-12-29T22:00Z,24828,0,24864,36,36,1,9.0,1,9.0,True
15m@v1,2018,RESEARCH_HISTORY,2018-01-01T22:00Z,2018-12-31T22:00Z,24904,0,24904,0,0,0,0.0,0,0.0,True
15m@v1,2019,RESEARCH_HISTORY,2019-01-01T22:00Z,2019-12-31T22:00Z,24877,8,24908,31,23,4,5.75,4,5.75,True
15m@v1,2020,RESEARCH_HISTORY,2020-01-01T22:00Z,2020-12-31T22:00Z,24920,80,25000,80,0,0,0.0,0,0.0,True
15m@v1,2021,RESEARCH_HISTORY,2021-01-03T22:00Z,2021-12-31T22:00Z,24876,84,24960,84,0,0,0.0,0,0.0,True
15m@v1,2022,RESEARCH_HISTORY,2022-01-02T22:00Z,2022-12-30T22:00Z,24946,12,24960,14,2,1,0.5,1,0.5,True
15m@v1,2023,RESEARCH_HISTORY,2023-01-01T22:00Z,2023-12-29T22:00Z,24895,0,24904,9,9,2,2.25,2,2.25,True
15m@v1,2024,LEGACY_HOLDOUT,2024-01-01T22:00Z,2024-12-31T22:00Z,24907,0,25000,93,93,9,23.25,9,23.25,True
15m@v1,2025,LEGACY_HOLDOUT,2025-01-01T22:00Z,2025-12-31T22:00Z,24899,0,24904,5,5,2,1.25,2,1.25,True
15m@v1,2026,QUARANTINED_UNASSIGNED,2026-01-01T22:00Z,2026-04-10T21:00Z,6812,0,6816,4,4,1,1.0,1,1.0,True
1h@v1,2016,RESEARCH_HISTORY,2016-01-03T22:00Z,2016-12-30T22:00Z,6224,0,6240,16,16,1,16.0,1,16.0,True
1h@v1,2017,RESEARCH_HISTORY,2017-01-02T07:00Z,2017-12-29T22:00Z,6207,0,6216,9,9,1,9.0,1,9.0,True
1h@v1,2018,RESEARCH_HISTORY,2018-01-01T22:00Z,2018-12-31T22:00Z,6226,0,6226,0,0,0,0.0,0,0.0,True
1h@v1,2019,RESEARCH_HISTORY,2019-01-01T22:00Z,2019-12-31T22:00Z,6220,2,6227,7,5,4,5.0,4,5.0,True
1h@v1,2020,RESEARCH_HISTORY,2020-01-01T22:00Z,2020-12-31T22:00Z,6230,20,6250,20,0,0,0.0,0,0.0,True
1h@v1,2021,RESEARCH_HISTORY,2021-01-03T22:00Z,2021-12-31T22:00Z,6219,21,6240,21,0,0,0.0,0,0.0,True
1h@v1,2022,RESEARCH_HISTORY,2022-01-02T22:00Z,2022-12-30T22:00Z,6237,3,6240,3,0,0,0.0,0,0.0,True
1h@v1,2023,RESEARCH_HISTORY,2023-01-01T22:00Z,2023-12-29T22:00Z,6225,0,6226,1,1,1,1.0,1,1.0,True
1h@v1,2024,LEGACY_HOLDOUT,2024-01-01T22:00Z,2024-12-31T22:00Z,6227,0,6250,23,23,8,23.0,8,23.0,True
1h@v1,2025,LEGACY_HOLDOUT,2025-01-01T22:00Z,2025-12-31T22:00Z,6225,0,6226,1,1,1,1.0,1,1.0,True
1h@v1,2026,QUARANTINED_UNASSIGNED,2026-01-01T22:00Z,2026-04-10T21:00Z,1703,0,1704,1,1,1,1.0,1,1.0,True
