no,start_utc,end_utc,duration_hours,ny_local_window,attribution,confidence,rationale,rule_based_attribution,raw_rows_in_interval,raw_prev_row_utc,raw_next_row_utc
1,2016-12-25T22:00Z,2016-12-25T22:30Z,0.5,日17:00-17:30NY(週開場直後),SOURCE_DATA,HIGH,週の開場(日17:00NY)直後で本来は取引可能な時間帯。宣言済み休場に該当なし,SOURCE_DATA,0,2016-12-23T21:45Z,2016-12-25T22:30Z
2,2016-12-26T07:00Z,2016-12-26T23:00Z,16.0,月02:00-18:00NY,CALENDAR_UNDECLARED_OR_PARTLY_SOURCE,LOW,2016年クリスマス翌日〜大晦日前にかけての大穴。fx_ny17 v2の宣言リストは2017-12-25のクリスマスから始まり2016年は未宣言(カレンダー未整備の年)。休場規則の穴か元データ欠損かは個別調査していない(closure_decisionsのnoteは『散発的な欠落の一括宣言』),CALENDAR_UNDECLARED_OR_PARTLY_SOURCE,0,2016-12-26T06:45Z,2016-12-26T23:00Z
3,2017-01-01T22:00Z,2017-01-02T07:00Z,9.0,日17:00-月02:00NY,CALENDAR,LOW,2017 年元日（日曜）の週の開場（日 17:00 NY）から月 02:00 NY までの 9 時間。fx_ny17 v2 の休場宣言は 2017-12-25 から始まり、2017 年の元日の前後は未宣言。2018 年以降の元日の宣言（前日 17:00〜当日 17:00 NY の 24 時間）とは長さも位置も一致しない,CALENDAR,0,2016-12-30T21:45Z,2017-01-02T07:00Z
4,2019-03-15T20:00Z,2019-03-15T21:00Z,1.0,金16:00-17:00NY(週閉場1時間前),SOURCE_DATA,HIGH,週の閉場(金17:00NY)より1時間早い。D03のweekly_closeは17:00で16時台は開場中のはず。休場宣言に該当なし,SOURCE_DATA,0,2019-03-15T19:45Z,2019-03-17T20:00Z
5,2019-03-22T20:00Z,2019-03-22T21:00Z,1.0,金16:00-17:00NY,SOURCE_DATA,MEDIUM,#4と同型(週末境界の1時間前、非休場時間帯),SOURCE_DATA,0,2019-03-22T19:45Z,2019-03-24T20:00Z
6,2019-03-29T20:00Z,2019-03-29T21:00Z,1.0,金16:00-17:00NY,SOURCE_DATA,MEDIUM,"#4,5と同型",SOURCE_DATA,0,2019-03-29T19:45Z,2019-03-31T21:00Z
7,2019-03-31T23:00Z,2019-04-01T00:00Z,1.0,日19:00-20:00NY(週開場2h後),SOURCE_DATA,MEDIUM,週開場(17:00NY)から2時間後で開場中のはず。休場宣言に該当なし,SOURCE_DATA,0,2019-03-31T22:45Z,2019-04-01T00:00Z
8,2019-05-26T21:00Z,2019-05-26T23:45Z,2.75,日17:00-19:45NY(週開場直後〜約3h),SOURCE_DATA,MEDIUM,週開場直後からの複数本欠落。休場宣言に該当なし。#1と同系統(開場直後の欠測),SOURCE_DATA,0,2019-05-24T20:45Z,2019-05-26T23:45Z
9,2019-11-01T20:00Z,2019-11-01T21:00Z,1.0,金16:00-17:00NY,SOURCE_DATA,MEDIUM,#4型,SOURCE_DATA,0,2019-11-01T19:45Z,2019-11-03T22:00Z
10,2019-12-24T22:00Z,2019-12-24T23:00Z,1.0,火17:00-18:00NY,CALENDAR_ADJACENT_OR_SOURCE,LOW,翌2019-12-25 04:00-17:00NYのクリスマス短縮宣言に時間的に隣接するが宣言区間そのものではない(前日17-18時),CALENDAR_ADJACENT_OR_SOURCE,0,2019-12-24T21:45Z,2019-12-24T23:00Z
11,2019-12-25T08:00Z,2019-12-25T09:00Z,1.0,水03:00-04:00NY,CALENDAR_ADJACENT,MEDIUM,宣言済みクリスマス短縮(2019-12-25 04:00-17:00NY)の直前1時間。カレンダー設定 configs/calendars/fx_ny17_v2.yaml のコメントに『2019年だけ04:00から。1系列に03:00台の足があるため』とあり,CALENDAR_ADJACENT_OR_SOURCE,0,2019-12-25T07:45Z,2019-12-25T22:00Z
12,2019-12-31T15:00Z,2019-12-31T16:00Z,1.0,火10:00-11:00NY,SOURCE_DATA,HIGH,大晦日の平日日中(休場・週末と無関係な時間帯)。宣言済み休場に該当なし,SOURCE_DATA,0,2019-12-31T14:45Z,2019-12-31T16:00Z
13,2020-03-13T20:00Z,2020-03-13T21:00Z,1.0,金16:00-17:00NY,SOURCE_DATA,MEDIUM,#4型,SOURCE_DATA,0,2020-03-13T19:45Z,2020-03-15T20:00Z
14,2020-03-20T20:00Z,2020-03-20T21:00Z,1.0,金16:00-17:00NY,SOURCE_DATA,MEDIUM,#4型,SOURCE_DATA,0,2020-03-20T19:45Z,2020-03-22T20:00Z
15,2020-03-27T20:00Z,2020-03-27T21:00Z,1.0,金16:00-17:00NY,SOURCE_DATA,MEDIUM,#4型,SOURCE_DATA,0,2020-03-27T19:45Z,2020-03-29T21:00Z
16,2020-03-29T23:00Z,2020-03-30T00:00Z,1.0,日19:00-20:00NY,SOURCE_DATA,MEDIUM,#7型,SOURCE_DATA,0,2020-03-29T22:45Z,2020-03-30T00:00Z
17,2020-10-30T20:00Z,2020-10-30T21:00Z,1.0,金16:00-17:00NY,SOURCE_DATA,MEDIUM,#4型,SOURCE_DATA,0,2020-10-30T19:45Z,2020-11-01T22:00Z
18,2020-11-30T05:00Z,2020-12-01T00:00Z,19.0,月00:00-19:00NY,SOURCE_DATA_KNOWN,HIGH,manifest note『2020-11-30 単発の大規模欠損(既知の休場と一致しない。データ欠損)』と明記。2020-11-30は米国感謝祭(11/26)翌週の月曜で通常の平日取引日。FXは米国祝日でも通常取引されるため休場に当たらない,SOURCE_DATA_KNOWN,0,2020-11-30T04:45Z,2020-12-01T00:00Z
19,2021-03-19T20:00Z,2021-03-19T21:00Z,1.0,金16:00-17:00NY,SOURCE_DATA,MEDIUM,#4型,SOURCE_DATA,0,2021-03-19T19:45Z,2021-03-21T20:00Z
20,2021-03-26T20:00Z,2021-03-26T21:00Z,1.0,金16:00-17:00NY,SOURCE_DATA,MEDIUM,#4型,SOURCE_DATA,0,2021-03-26T19:45Z,2021-03-28T21:00Z
21,2021-03-28T23:00Z,2021-03-29T00:00Z,1.0,日19:00-20:00NY,SOURCE_DATA,MEDIUM,#7型,SOURCE_DATA,0,2021-03-28T22:45Z,2021-03-29T00:00Z
22,2021-05-31T04:00Z,2021-06-01T00:00Z,20.0,月00:00-20:00NY,SOURCE_DATA_KNOWN,HIGH,manifest note『2021-05-31 単発の大規模欠損(既知の休場と一致しない。データ欠損)』と明記。2021-05-31は米国メモリアルデー(5月最終月曜)。FXは米国祝日でも通常取引されるため休場に当たらない,SOURCE_DATA_KNOWN,0,2021-05-31T03:45Z,2021-06-01T00:00Z
23,2021-11-05T20:00Z,2021-11-05T21:00Z,1.0,金16:00-17:00NY,SOURCE_DATA,MEDIUM,#4型,SOURCE_DATA,0,2021-11-05T19:45Z,2021-11-07T22:00Z
24,2022-03-18T20:00Z,2022-03-18T21:00Z,1.0,金16:00-17:00NY,SOURCE_DATA,MEDIUM,#4型,SOURCE_DATA,0,2022-03-18T19:45Z,2022-03-20T20:00Z
25,2022-03-25T20:00Z,2022-03-25T21:00Z,1.0,金16:00-17:00NY,SOURCE_DATA,MEDIUM,#4型,SOURCE_DATA,0,2022-03-25T19:45Z,2022-03-27T21:00Z
26,2022-03-27T23:00Z,2022-03-28T00:00Z,1.0,日19:00-20:00NY,SOURCE_DATA,MEDIUM,#7型,SOURCE_DATA,0,2022-03-27T22:45Z,2022-03-28T00:00Z
27,2022-06-26T21:00Z,2022-06-26T21:30Z,0.5,日17:00-17:30NY,SOURCE_DATA,MEDIUM,#1型,SOURCE_DATA,0,2022-06-24T20:45Z,2022-06-26T21:30Z
28,2022-09-01T03:00Z,2022-09-01T04:00Z,1.0,水23:00-木00:00NY,SOURCE_DATA,HIGH,完全な平日日中(木曜未明)。休場・週末と無関係。宣言に該当なし,SOURCE_DATA,0,2022-09-01T02:45Z,2022-09-01T04:00Z
29,2022-09-01T18:00Z,2022-09-01T19:00Z,1.0,木14:00-15:00NY,SOURCE_DATA,HIGH,完全な平日日中(木曜午後)。休場・週末と無関係,SOURCE_DATA,0,2022-09-01T17:45Z,2022-09-01T19:00Z
30,2022-11-04T20:00Z,2022-11-04T21:00Z,1.0,金16:00-17:00NY,SOURCE_DATA,MEDIUM,#4型,SOURCE_DATA,0,2022-11-04T19:45Z,2022-11-06T22:00Z
31,2023-09-25T10:15Z,2023-09-25T11:00Z,0.75,月06:15-07:00NY,SOURCE_DATA,HIGH,完全な平日日中(月曜早朝)。休場・週末と無関係,SOURCE_DATA,0,2023-09-25T10:00Z,2023-09-25T11:00Z
32,2023-11-03T20:00Z,2023-11-03T21:00Z,1.0,金16:00-17:00NY,SOURCE_DATA,MEDIUM,#4型,SOURCE_DATA,0,2023-11-03T19:45Z,2023-11-05T22:00Z
33,2023-12-24T22:00Z,2023-12-24T23:30Z,1.5,日17:00-18:30NY(週開場直後),CALENDAR_ADJACENT_OR_SOURCE,LOW,"2023-12-25 03:00-17:00NYのクリスマス短縮宣言の前日(週開場直後)。#1,8,27と同じ「週開場直後の欠測」パターンでもあり、クリスマス固有ではなく通常の開場直後欠測の可能性がある。判別には他の非クリスマス週の開場直後欠測データとの比較が必要",SOURCE_DATA,0,2023-12-22T21:45Z,2023-12-24T23:30Z
