symbol,timeframe,start_utc,end_utc,duration_hours,year_of_bar_end,attribution,confidence,rationale,in_all10_overlap,matches_other_timeframe_gap,raw_rows_in_interval
AUDJPY,15m@v1,2016-12-25T22:00Z,2016-12-25T22:30Z,0.5,2016,SOURCE_DATA,MEDIUM,週の開場（日 17:00 NY）から 3 時間以内。開場中のはずの時間帯,False,False,0
AUDJPY,15m@v1,2016-12-26T07:00Z,2016-12-26T23:00Z,16.0,2016,CALENDAR_UNDECLARED_OR_PARTLY_SOURCE,LOW,2016 年クリスマス翌日の大きな欠落。2016 年は休場宣言が無い年,False,True,0
AUDJPY,15m@v1,2017-01-01T22:00Z,2017-01-02T07:00Z,9.0,2017,CALENDAR,LOW,2017 年元日（日曜）の週の開場（日 17:00 NY）から月 02:00 NY までの 9 時間。fx_ny17 v2 の休場宣言は 2017-12-25 から始まり、2017 年の元日の前後は未宣言。2018 年以降の元日の宣言（前日 17:00〜当日 17:00 NY の 24 時間）とは長さも位置も一致しない,True,True,0
AUDJPY,15m@v1,2019-03-15T20:00Z,2019-03-15T21:00Z,1.0,2019,SOURCE_DATA,MEDIUM,週の閉場（金 17:00 NY）の 1 時間前。開場中のはずの時間帯,True,True,0
AUDJPY,15m@v1,2019-03-22T20:00Z,2019-03-22T21:00Z,1.0,2019,SOURCE_DATA,MEDIUM,週の閉場（金 17:00 NY）の 1 時間前。開場中のはずの時間帯,True,True,0
AUDJPY,15m@v1,2019-03-29T20:00Z,2019-03-29T21:00Z,1.0,2019,SOURCE_DATA,MEDIUM,週の閉場（金 17:00 NY）の 1 時間前。開場中のはずの時間帯,True,True,0
AUDJPY,15m@v1,2019-03-31T23:00Z,2019-04-01T00:00Z,1.0,2019,SOURCE_DATA,MEDIUM,週の開場（日 17:00 NY）から 3 時間以内。開場中のはずの時間帯,True,True,0
AUDJPY,15m@v1,2019-05-26T21:00Z,2019-05-27T00:00Z,3.0,2019,SOURCE_DATA,MEDIUM,週の開場（日 17:00 NY）から 3 時間以内。開場中のはずの時間帯,False,True,0
AUDJPY,15m@v1,2019-11-01T20:00Z,2019-11-01T21:00Z,1.0,2019,SOURCE_DATA,MEDIUM,週の閉場（金 17:00 NY）の 1 時間前。開場中のはずの時間帯,True,True,0
AUDJPY,15m@v1,2019-12-24T22:00Z,2019-12-24T22:45Z,0.75,2019,CALENDAR_ADJACENT_OR_SOURCE,LOW,クリスマスの短縮宣言に時間的に隣接する短い欠落。宣言区間そのものではない,True,False,0
AUDJPY,15m@v1,2019-12-25T08:00Z,2019-12-25T09:00Z,1.0,2019,CALENDAR_ADJACENT_OR_SOURCE,LOW,クリスマスの短縮宣言に時間的に隣接する短い欠落。宣言区間そのものではない,False,True,0
AUDJPY,15m@v1,2020-03-13T20:00Z,2020-03-13T21:00Z,1.0,2020,SOURCE_DATA,MEDIUM,週の閉場（金 17:00 NY）の 1 時間前。開場中のはずの時間帯,True,True,0
AUDJPY,15m@v1,2020-03-20T20:00Z,2020-03-20T21:00Z,1.0,2020,SOURCE_DATA,MEDIUM,週の閉場（金 17:00 NY）の 1 時間前。開場中のはずの時間帯,True,True,0
AUDJPY,15m@v1,2020-03-27T20:00Z,2020-03-27T21:00Z,1.0,2020,SOURCE_DATA,MEDIUM,週の閉場（金 17:00 NY）の 1 時間前。開場中のはずの時間帯,True,True,0
AUDJPY,15m@v1,2020-03-29T23:00Z,2020-03-30T00:00Z,1.0,2020,SOURCE_DATA,MEDIUM,週の開場（日 17:00 NY）から 3 時間以内。開場中のはずの時間帯,True,True,0
AUDJPY,15m@v1,2020-10-30T20:00Z,2020-10-30T21:00Z,1.0,2020,SOURCE_DATA,MEDIUM,週の閉場（金 17:00 NY）の 1 時間前。開場中のはずの時間帯,True,True,0
AUDJPY,15m@v1,2020-11-30T05:00Z,2020-12-01T00:00Z,19.0,2020,SOURCE_DATA_KNOWN,HIGH,2020-11-30 単発の大規模欠損。manifest の分類の注記に「既知の休場と一致しない」と明記,True,True,0
AUDJPY,15m@v1,2021-03-19T20:00Z,2021-03-19T21:00Z,1.0,2021,SOURCE_DATA,MEDIUM,週の閉場（金 17:00 NY）の 1 時間前。開場中のはずの時間帯,True,True,0
AUDJPY,15m@v1,2021-03-26T20:00Z,2021-03-26T21:00Z,1.0,2021,SOURCE_DATA,MEDIUM,週の閉場（金 17:00 NY）の 1 時間前。開場中のはずの時間帯,True,True,0
AUDJPY,15m@v1,2021-03-28T23:00Z,2021-03-29T00:00Z,1.0,2021,SOURCE_DATA,MEDIUM,週の開場（日 17:00 NY）から 3 時間以内。開場中のはずの時間帯,True,True,0
AUDJPY,15m@v1,2021-05-31T04:00Z,2021-06-01T00:00Z,20.0,2021,SOURCE_DATA_KNOWN,HIGH,2021-05-31 単発の大規模欠損。manifest の分類の注記に「既知の休場と一致しない」と明記,True,True,0
AUDJPY,15m@v1,2021-11-05T20:00Z,2021-11-05T21:00Z,1.0,2021,SOURCE_DATA,MEDIUM,週の閉場（金 17:00 NY）の 1 時間前。開場中のはずの時間帯,True,True,0
AUDJPY,15m@v1,2022-03-18T20:00Z,2022-03-18T21:00Z,1.0,2022,SOURCE_DATA,MEDIUM,週の閉場（金 17:00 NY）の 1 時間前。開場中のはずの時間帯,True,True,0
AUDJPY,15m@v1,2022-03-25T20:00Z,2022-03-25T21:00Z,1.0,2022,SOURCE_DATA,MEDIUM,週の閉場（金 17:00 NY）の 1 時間前。開場中のはずの時間帯,True,True,0
AUDJPY,15m@v1,2022-03-27T23:00Z,2022-03-28T00:00Z,1.0,2022,SOURCE_DATA,MEDIUM,週の開場（日 17:00 NY）から 3 時間以内。開場中のはずの時間帯,True,True,0
AUDJPY,15m@v1,2022-06-26T21:00Z,2022-06-26T21:30Z,0.5,2022,SOURCE_DATA,MEDIUM,週の開場（日 17:00 NY）から 3 時間以内。開場中のはずの時間帯,False,False,0
AUDJPY,15m@v1,2022-06-28T02:00Z,2022-06-28T03:00Z,1.0,2022,SOURCE_DATA,MEDIUM,上のパターンに当たらない 4 時間以下の欠落。休場宣言に該当なし,False,True,0
AUDJPY,15m@v1,2022-11-04T20:00Z,2022-11-04T21:00Z,1.0,2022,SOURCE_DATA,MEDIUM,週の閉場（金 17:00 NY）の 1 時間前。開場中のはずの時間帯,True,True,0
AUDJPY,15m@v1,2022-11-23T20:00Z,2022-11-23T21:00Z,1.0,2022,SOURCE_DATA,MEDIUM,上のパターンに当たらない 4 時間以下の欠落。休場宣言に該当なし,False,True,0
AUDJPY,15m@v1,2022-11-25T06:00Z,2022-11-25T07:00Z,1.0,2022,SOURCE_DATA,MEDIUM,上のパターンに当たらない 4 時間以下の欠落。休場宣言に該当なし,False,True,0
AUDJPY,15m@v1,2022-12-02T03:00Z,2022-12-02T04:00Z,1.0,2022,SOURCE_DATA,MEDIUM,上のパターンに当たらない 4 時間以下の欠落。休場宣言に該当なし,False,True,0
AUDJPY,15m@v1,2022-12-02T09:00Z,2022-12-02T10:00Z,1.0,2022,SOURCE_DATA,MEDIUM,上のパターンに当たらない 4 時間以下の欠落。休場宣言に該当なし,False,True,0
AUDJPY,15m@v1,2022-12-02T19:00Z,2022-12-02T20:00Z,1.0,2022,SOURCE_DATA,MEDIUM,上のパターンに当たらない 4 時間以下の欠落。休場宣言に該当なし,False,True,0
AUDJPY,15m@v1,2022-12-25T22:00Z,2022-12-25T23:00Z,1.0,2022,SOURCE_DATA,MEDIUM,週の開場（日 17:00 NY）から 3 時間以内。開場中のはずの時間帯,False,True,0
AUDJPY,15m@v1,2023-01-01T22:00Z,2023-01-01T22:30Z,0.5,2023,SOURCE_DATA,MEDIUM,週の開場（日 17:00 NY）から 3 時間以内。開場中のはずの時間帯,False,False,0
AUDJPY,15m@v1,2023-01-01T22:45Z,2023-01-01T23:30Z,0.75,2023,SOURCE_DATA,MEDIUM,週の開場（日 17:00 NY）から 3 時間以内。開場中のはずの時間帯,False,False,0
AUDJPY,15m@v1,2023-01-02T22:00Z,2023-01-02T22:15Z,0.25,2023,SOURCE_DATA,MEDIUM,上のパターンに当たらない 4 時間以下の欠落。休場宣言に該当なし,False,False,0
AUDJPY,15m@v1,2023-01-24T17:00Z,2023-01-24T18:00Z,1.0,2023,SOURCE_DATA,MEDIUM,上のパターンに当たらない 4 時間以下の欠落。休場宣言に該当なし,False,True,0
AUDJPY,15m@v1,2023-09-25T10:15Z,2023-09-25T11:00Z,0.75,2023,SOURCE_DATA,MEDIUM,上のパターンに当たらない 4 時間以下の欠落。休場宣言に該当なし,True,False,0
AUDJPY,15m@v1,2023-11-03T20:00Z,2023-11-03T21:00Z,1.0,2023,SOURCE_DATA,MEDIUM,週の閉場（金 17:00 NY）の 1 時間前。開場中のはずの時間帯,True,True,0
AUDJPY,15m@v1,2023-12-24T22:00Z,2023-12-25T00:00Z,2.0,2023,SOURCE_DATA,MEDIUM,週の開場（日 17:00 NY）から 3 時間以内。開場中のはずの時間帯,False,True,0
AUDJPY,15m@v1,2023-12-25T00:15Z,2023-12-25T00:30Z,0.25,2023,SOURCE_DATA,MEDIUM,週の開場（日 17:00 NY）から 3 時間以内。開場中のはずの時間帯,False,False,0
AUDJPY,15m@v1,2023-12-25T07:45Z,2023-12-25T08:00Z,0.25,2023,CALENDAR_ADJACENT_OR_SOURCE,LOW,クリスマスの短縮宣言に時間的に隣接する短い欠落。宣言区間そのものではない,False,False,0
AUDJPY,15m@v1,2023-12-25T22:15Z,2023-12-25T22:30Z,0.25,2023,CALENDAR_ADJACENT_OR_SOURCE,LOW,クリスマスの短縮宣言に時間的に隣接する短い欠落。宣言区間そのものではない,False,False,0
AUDJPY,1h@v1,2016-12-26T07:00Z,2016-12-26T23:00Z,16.0,2016,CALENDAR_UNDECLARED_OR_PARTLY_SOURCE,LOW,2016 年クリスマス翌日の大きな欠落。2016 年は休場宣言が無い年,False,True,0
AUDJPY,1h@v1,2017-01-01T22:00Z,2017-01-02T07:00Z,9.0,2017,CALENDAR,LOW,2017 年元日（日曜）の週の開場（日 17:00 NY）から月 02:00 NY までの 9 時間。fx_ny17 v2 の休場宣言は 2017-12-25 から始まり、2017 年の元日の前後は未宣言。2018 年以降の元日の宣言（前日 17:00〜当日 17:00 NY の 24 時間）とは長さも位置も一致しない,True,True,0
AUDJPY,1h@v1,2019-03-15T20:00Z,2019-03-15T21:00Z,1.0,2019,SOURCE_DATA,MEDIUM,週の閉場（金 17:00 NY）の 1 時間前。開場中のはずの時間帯,True,True,0
AUDJPY,1h@v1,2019-03-22T20:00Z,2019-03-22T21:00Z,1.0,2019,SOURCE_DATA,MEDIUM,週の閉場（金 17:00 NY）の 1 時間前。開場中のはずの時間帯,True,True,0
AUDJPY,1h@v1,2019-03-29T20:00Z,2019-03-29T21:00Z,1.0,2019,SOURCE_DATA,MEDIUM,週の閉場（金 17:00 NY）の 1 時間前。開場中のはずの時間帯,True,True,0
AUDJPY,1h@v1,2019-03-31T23:00Z,2019-04-01T00:00Z,1.0,2019,SOURCE_DATA,MEDIUM,週の開場（日 17:00 NY）から 3 時間以内。開場中のはずの時間帯,True,True,0
AUDJPY,1h@v1,2019-05-26T21:00Z,2019-05-27T00:00Z,3.0,2019,SOURCE_DATA,MEDIUM,週の開場（日 17:00 NY）から 3 時間以内。開場中のはずの時間帯,False,True,0
AUDJPY,1h@v1,2019-11-01T20:00Z,2019-11-01T21:00Z,1.0,2019,SOURCE_DATA,MEDIUM,週の閉場（金 17:00 NY）の 1 時間前。開場中のはずの時間帯,True,True,0
AUDJPY,1h@v1,2019-12-25T08:00Z,2019-12-25T09:00Z,1.0,2019,CALENDAR_ADJACENT_OR_SOURCE,LOW,クリスマスの短縮宣言に時間的に隣接する短い欠落。宣言区間そのものではない,False,True,0
AUDJPY,1h@v1,2020-03-13T20:00Z,2020-03-13T21:00Z,1.0,2020,SOURCE_DATA,MEDIUM,週の閉場（金 17:00 NY）の 1 時間前。開場中のはずの時間帯,True,True,0
AUDJPY,1h@v1,2020-03-20T20:00Z,2020-03-20T21:00Z,1.0,2020,SOURCE_DATA,MEDIUM,週の閉場（金 17:00 NY）の 1 時間前。開場中のはずの時間帯,True,True,0
AUDJPY,1h@v1,2020-03-27T20:00Z,2020-03-27T21:00Z,1.0,2020,SOURCE_DATA,MEDIUM,週の閉場（金 17:00 NY）の 1 時間前。開場中のはずの時間帯,True,True,0
AUDJPY,1h@v1,2020-03-29T23:00Z,2020-03-30T00:00Z,1.0,2020,SOURCE_DATA,MEDIUM,週の開場（日 17:00 NY）から 3 時間以内。開場中のはずの時間帯,True,True,0
AUDJPY,1h@v1,2020-10-30T20:00Z,2020-10-30T21:00Z,1.0,2020,SOURCE_DATA,MEDIUM,週の閉場（金 17:00 NY）の 1 時間前。開場中のはずの時間帯,True,True,0
AUDJPY,1h@v1,2020-11-30T05:00Z,2020-12-01T00:00Z,19.0,2020,SOURCE_DATA_KNOWN,HIGH,2020-11-30 単発の大規模欠損。manifest の分類の注記に「既知の休場と一致しない」と明記,True,True,0
AUDJPY,1h@v1,2021-03-19T20:00Z,2021-03-19T21:00Z,1.0,2021,SOURCE_DATA,MEDIUM,週の閉場（金 17:00 NY）の 1 時間前。開場中のはずの時間帯,True,True,0
AUDJPY,1h@v1,2021-03-26T20:00Z,2021-03-26T21:00Z,1.0,2021,SOURCE_DATA,MEDIUM,週の閉場（金 17:00 NY）の 1 時間前。開場中のはずの時間帯,True,True,0
AUDJPY,1h@v1,2021-03-28T23:00Z,2021-03-29T00:00Z,1.0,2021,SOURCE_DATA,MEDIUM,週の開場（日 17:00 NY）から 3 時間以内。開場中のはずの時間帯,True,True,0
AUDJPY,1h@v1,2021-05-31T04:00Z,2021-06-01T00:00Z,20.0,2021,SOURCE_DATA_KNOWN,HIGH,2021-05-31 単発の大規模欠損。manifest の分類の注記に「既知の休場と一致しない」と明記,True,True,0
AUDJPY,1h@v1,2021-11-05T20:00Z,2021-11-05T21:00Z,1.0,2021,SOURCE_DATA,MEDIUM,週の閉場（金 17:00 NY）の 1 時間前。開場中のはずの時間帯,True,True,0
AUDJPY,1h@v1,2022-03-18T20:00Z,2022-03-18T21:00Z,1.0,2022,SOURCE_DATA,MEDIUM,週の閉場（金 17:00 NY）の 1 時間前。開場中のはずの時間帯,True,True,0
AUDJPY,1h@v1,2022-03-25T20:00Z,2022-03-25T21:00Z,1.0,2022,SOURCE_DATA,MEDIUM,週の閉場（金 17:00 NY）の 1 時間前。開場中のはずの時間帯,True,True,0
AUDJPY,1h@v1,2022-03-27T23:00Z,2022-03-28T00:00Z,1.0,2022,SOURCE_DATA,MEDIUM,週の開場（日 17:00 NY）から 3 時間以内。開場中のはずの時間帯,True,True,0
AUDJPY,1h@v1,2022-06-28T02:00Z,2022-06-28T03:00Z,1.0,2022,SOURCE_DATA,MEDIUM,上のパターンに当たらない 4 時間以下の欠落。休場宣言に該当なし,False,True,0
AUDJPY,1h@v1,2022-11-04T20:00Z,2022-11-04T21:00Z,1.0,2022,SOURCE_DATA,MEDIUM,週の閉場（金 17:00 NY）の 1 時間前。開場中のはずの時間帯,True,True,0
AUDJPY,1h@v1,2022-11-23T20:00Z,2022-11-23T21:00Z,1.0,2022,SOURCE_DATA,MEDIUM,上のパターンに当たらない 4 時間以下の欠落。休場宣言に該当なし,False,True,0
AUDJPY,1h@v1,2022-11-25T06:00Z,2022-11-25T07:00Z,1.0,2022,SOURCE_DATA,MEDIUM,上のパターンに当たらない 4 時間以下の欠落。休場宣言に該当なし,False,True,0
AUDJPY,1h@v1,2022-12-02T03:00Z,2022-12-02T04:00Z,1.0,2022,SOURCE_DATA,MEDIUM,上のパターンに当たらない 4 時間以下の欠落。休場宣言に該当なし,False,True,0
AUDJPY,1h@v1,2022-12-02T09:00Z,2022-12-02T10:00Z,1.0,2022,SOURCE_DATA,MEDIUM,上のパターンに当たらない 4 時間以下の欠落。休場宣言に該当なし,False,True,0
AUDJPY,1h@v1,2022-12-02T19:00Z,2022-12-02T20:00Z,1.0,2022,SOURCE_DATA,MEDIUM,上のパターンに当たらない 4 時間以下の欠落。休場宣言に該当なし,False,True,0
AUDJPY,1h@v1,2022-12-25T22:00Z,2022-12-25T23:00Z,1.0,2022,SOURCE_DATA,MEDIUM,週の開場（日 17:00 NY）から 3 時間以内。開場中のはずの時間帯,False,True,0
AUDJPY,1h@v1,2023-01-24T17:00Z,2023-01-24T18:00Z,1.0,2023,SOURCE_DATA,MEDIUM,上のパターンに当たらない 4 時間以下の欠落。休場宣言に該当なし,False,True,0
AUDJPY,1h@v1,2023-11-03T20:00Z,2023-11-03T21:00Z,1.0,2023,SOURCE_DATA,MEDIUM,週の閉場（金 17:00 NY）の 1 時間前。開場中のはずの時間帯,True,True,0
AUDJPY,1h@v1,2023-12-24T22:00Z,2023-12-25T00:00Z,2.0,2023,SOURCE_DATA,MEDIUM,週の開場（日 17:00 NY）から 3 時間以内。開場中のはずの時間帯,False,True,0
AUDUSD,15m@v1,2016-12-25T22:15Z,2016-12-25T22:30Z,0.25,2016,SOURCE_DATA,MEDIUM,週の開場（日 17:00 NY）から 3 時間以内。開場中のはずの時間帯,True,False,0
AUDUSD,15m@v1,2016-12-26T07:15Z,2016-12-26T23:00Z,15.75,2016,CALENDAR_UNDECLARED_OR_PARTLY_SOURCE,LOW,2016 年クリスマス翌日の大きな欠落。2016 年は休場宣言が無い年,True,True,0
AUDUSD,15m@v1,2017-01-01T22:00Z,2017-01-02T07:00Z,9.0,2017,CALENDAR,LOW,2017 年元日（日曜）の週の開場（日 17:00 NY）から月 02:00 NY までの 9 時間。fx_ny17 v2 の休場宣言は 2017-12-25 から始まり、2017 年の元日の前後は未宣言。2018 年以降の元日の宣言（前日 17:00〜当日 17:00 NY の 24 時間）とは長さも位置も一致しない,True,True,0
AUDUSD,15m@v1,2019-03-15T20:00Z,2019-03-15T21:00Z,1.0,2019,SOURCE_DATA,MEDIUM,週の閉場（金 17:00 NY）の 1 時間前。開場中のはずの時間帯,True,True,0
AUDUSD,15m@v1,2019-03-22T20:00Z,2019-03-22T21:00Z,1.0,2019,SOURCE_DATA,MEDIUM,週の閉場（金 17:00 NY）の 1 時間前。開場中のはずの時間帯,True,True,0
AUDUSD,15m@v1,2019-03-29T20:00Z,2019-03-29T21:00Z,1.0,2019,SOURCE_DATA,MEDIUM,週の閉場（金 17:00 NY）の 1 時間前。開場中のはずの時間帯,True,True,0
AUDUSD,15m@v1,2019-03-31T23:00Z,2019-04-01T00:00Z,1.0,2019,SOURCE_DATA,MEDIUM,週の開場（日 17:00 NY）から 3 時間以内。開場中のはずの時間帯,True,True,0
AUDUSD,15m@v1,2019-05-26T21:00Z,2019-05-27T09:00Z,12.0,2019,UNKNOWN,LOW,4 時間を超え、上のパターンに当たらない欠落。個別の確認が要る,False,True,0
AUDUSD,15m@v1,2019-11-01T20:00Z,2019-11-01T21:00Z,1.0,2019,SOURCE_DATA,MEDIUM,週の閉場（金 17:00 NY）の 1 時間前。開場中のはずの時間帯,True,True,0
AUDUSD,15m@v1,2019-12-10T22:00Z,2019-12-10T23:00Z,1.0,2019,SOURCE_DATA,MEDIUM,上のパターンに当たらない 4 時間以下の欠落。休場宣言に該当なし,False,True,0
AUDUSD,15m@v1,2019-12-11T20:00Z,2019-12-11T21:00Z,1.0,2019,SOURCE_DATA,MEDIUM,上のパターンに当たらない 4 時間以下の欠落。休場宣言に該当なし,False,True,0
AUDUSD,15m@v1,2019-12-24T22:00Z,2019-12-24T22:45Z,0.75,2019,CALENDAR_ADJACENT_OR_SOURCE,LOW,クリスマスの短縮宣言に時間的に隣接する短い欠落。宣言区間そのものではない,True,False,0
AUDUSD,15m@v1,2019-12-25T08:00Z,2019-12-25T09:00Z,1.0,2019,CALENDAR_ADJACENT_OR_SOURCE,LOW,クリスマスの短縮宣言に時間的に隣接する短い欠落。宣言区間そのものではない,False,True,0
AUDUSD,15m@v1,2019-12-27T19:00Z,2019-12-27T20:00Z,1.0,2019,SOURCE_DATA,MEDIUM,上のパターンに当たらない 4 時間以下の欠落。休場宣言に該当なし,False,True,0
AUDUSD,15m@v1,2020-03-13T20:00Z,2020-03-13T21:00Z,1.0,2020,SOURCE_DATA,MEDIUM,週の閉場（金 17:00 NY）の 1 時間前。開場中のはずの時間帯,True,True,0
AUDUSD,15m@v1,2020-03-20T20:00Z,2020-03-20T21:00Z,1.0,2020,SOURCE_DATA,MEDIUM,週の閉場（金 17:00 NY）の 1 時間前。開場中のはずの時間帯,True,True,0
AUDUSD,15m@v1,2020-03-27T20:00Z,2020-03-27T21:00Z,1.0,2020,SOURCE_DATA,MEDIUM,週の閉場（金 17:00 NY）の 1 時間前。開場中のはずの時間帯,True,True,0
AUDUSD,15m@v1,2020-03-29T23:00Z,2020-03-30T00:00Z,1.0,2020,SOURCE_DATA,MEDIUM,週の開場（日 17:00 NY）から 3 時間以内。開場中のはずの時間帯,True,True,0
AUDUSD,15m@v1,2020-10-30T20:00Z,2020-10-30T21:00Z,1.0,2020,SOURCE_DATA,MEDIUM,週の閉場（金 17:00 NY）の 1 時間前。開場中のはずの時間帯,True,True,0
AUDUSD,15m@v1,2020-11-30T05:00Z,2020-12-01T00:00Z,19.0,2020,SOURCE_DATA_KNOWN,HIGH,2020-11-30 単発の大規模欠損。manifest の分類の注記に「既知の休場と一致しない」と明記,True,True,0
AUDUSD,15m@v1,2020-12-24T22:30Z,2020-12-24T22:45Z,0.25,2020,CALENDAR_ADJACENT_OR_SOURCE,LOW,クリスマスの短縮宣言に時間的に隣接する短い欠落。宣言区間そのものではない,False,False,0
AUDUSD,15m@v1,2021-03-19T20:00Z,2021-03-19T21:00Z,1.0,2021,SOURCE_DATA,MEDIUM,週の閉場（金 17:00 NY）の 1 時間前。開場中のはずの時間帯,True,True,0
AUDUSD,15m@v1,2021-03-26T20:00Z,2021-03-26T21:00Z,1.0,2021,SOURCE_DATA,MEDIUM,週の閉場（金 17:00 NY）の 1 時間前。開場中のはずの時間帯,True,True,0
AUDUSD,15m@v1,2021-03-28T23:00Z,2021-03-29T00:00Z,1.0,2021,SOURCE_DATA,MEDIUM,週の開場（日 17:00 NY）から 3 時間以内。開場中のはずの時間帯,True,True,0
AUDUSD,15m@v1,2021-04-05T21:15Z,2021-04-05T21:30Z,0.25,2021,SOURCE_DATA,MEDIUM,上のパターンに当たらない 4 時間以下の欠落。休場宣言に該当なし,False,False,0
AUDUSD,15m@v1,2021-05-31T04:00Z,2021-06-01T00:00Z,20.0,2021,SOURCE_DATA_KNOWN,HIGH,2021-05-31 単発の大規模欠損。manifest の分類の注記に「既知の休場と一致しない」と明記,True,True,0
AUDUSD,15m@v1,2021-11-05T20:00Z,2021-11-05T21:00Z,1.0,2021,SOURCE_DATA,MEDIUM,週の閉場（金 17:00 NY）の 1 時間前。開場中のはずの時間帯,True,True,0
AUDUSD,15m@v1,2022-03-18T20:00Z,2022-03-18T21:00Z,1.0,2022,SOURCE_DATA,MEDIUM,週の閉場（金 17:00 NY）の 1 時間前。開場中のはずの時間帯,True,True,0
AUDUSD,15m@v1,2022-03-25T20:00Z,2022-03-25T21:00Z,1.0,2022,SOURCE_DATA,MEDIUM,週の閉場（金 17:00 NY）の 1 時間前。開場中のはずの時間帯,True,True,0
AUDUSD,15m@v1,2022-03-27T23:00Z,2022-03-28T00:00Z,1.0,2022,SOURCE_DATA,MEDIUM,週の開場（日 17:00 NY）から 3 時間以内。開場中のはずの時間帯,True,True,0
AUDUSD,15m@v1,2022-06-29T14:00Z,2022-06-29T15:00Z,1.0,2022,SOURCE_DATA,MEDIUM,上のパターンに当たらない 4 時間以下の欠落。休場宣言に該当なし,False,True,0
AUDUSD,15m@v1,2022-06-29T21:00Z,2022-06-29T22:00Z,1.0,2022,SOURCE_DATA,MEDIUM,上のパターンに当たらない 4 時間以下の欠落。休場宣言に該当なし,False,True,0
AUDUSD,15m@v1,2022-11-04T20:00Z,2022-11-04T21:00Z,1.0,2022,SOURCE_DATA,MEDIUM,週の閉場（金 17:00 NY）の 1 時間前。開場中のはずの時間帯,True,True,0
AUDUSD,15m@v1,2022-11-28T11:00Z,2022-11-28T12:00Z,1.0,2022,SOURCE_DATA,MEDIUM,上のパターンに当たらない 4 時間以下の欠落。休場宣言に該当なし,False,True,0
AUDUSD,15m@v1,2022-12-25T22:15Z,2022-12-25T23:00Z,0.75,2022,SOURCE_DATA,MEDIUM,週の開場（日 17:00 NY）から 3 時間以内。開場中のはずの時間帯,False,False,0
AUDUSD,15m@v1,2023-01-01T22:00Z,2023-01-01T22:30Z,0.5,2023,SOURCE_DATA,MEDIUM,週の開場（日 17:00 NY）から 3 時間以内。開場中のはずの時間帯,False,False,0
AUDUSD,15m@v1,2023-09-25T10:15Z,2023-09-25T11:00Z,0.75,2023,SOURCE_DATA,MEDIUM,上のパターンに当たらない 4 時間以下の欠落。休場宣言に該当なし,True,False,0
AUDUSD,15m@v1,2023-11-03T20:00Z,2023-11-03T21:00Z,1.0,2023,SOURCE_DATA,MEDIUM,週の閉場（金 17:00 NY）の 1 時間前。開場中のはずの時間帯,True,True,0
AUDUSD,15m@v1,2023-12-24T22:00Z,2023-12-24T23:00Z,1.0,2023,SOURCE_DATA,MEDIUM,週の開場（日 17:00 NY）から 3 時間以内。開場中のはずの時間帯,True,True,0
AUDUSD,1h@v1,2016-12-26T08:00Z,2016-12-26T23:00Z,15.0,2016,CALENDAR_UNDECLARED_OR_PARTLY_SOURCE,LOW,2016 年クリスマス翌日の大きな欠落。2016 年は休場宣言が無い年,True,True,0
AUDUSD,1h@v1,2017-01-01T22:00Z,2017-01-02T07:00Z,9.0,2017,CALENDAR,LOW,2017 年元日（日曜）の週の開場（日 17:00 NY）から月 02:00 NY までの 9 時間。fx_ny17 v2 の休場宣言は 2017-12-25 から始まり、2017 年の元日の前後は未宣言。2018 年以降の元日の宣言（前日 17:00〜当日 17:00 NY の 24 時間）とは長さも位置も一致しない,True,True,0
AUDUSD,1h@v1,2019-03-15T20:00Z,2019-03-15T21:00Z,1.0,2019,SOURCE_DATA,MEDIUM,週の閉場（金 17:00 NY）の 1 時間前。開場中のはずの時間帯,True,True,0
AUDUSD,1h@v1,2019-03-22T20:00Z,2019-03-22T21:00Z,1.0,2019,SOURCE_DATA,MEDIUM,週の閉場（金 17:00 NY）の 1 時間前。開場中のはずの時間帯,True,True,0
AUDUSD,1h@v1,2019-03-29T20:00Z,2019-03-29T21:00Z,1.0,2019,SOURCE_DATA,MEDIUM,週の閉場（金 17:00 NY）の 1 時間前。開場中のはずの時間帯,True,True,0
AUDUSD,1h@v1,2019-03-31T23:00Z,2019-04-01T00:00Z,1.0,2019,SOURCE_DATA,MEDIUM,週の開場（日 17:00 NY）から 3 時間以内。開場中のはずの時間帯,True,True,0
AUDUSD,1h@v1,2019-05-26T21:00Z,2019-05-27T09:00Z,12.0,2019,UNKNOWN,LOW,4 時間を超え、上のパターンに当たらない欠落。個別の確認が要る,False,True,0
AUDUSD,1h@v1,2019-11-01T20:00Z,2019-11-01T21:00Z,1.0,2019,SOURCE_DATA,MEDIUM,週の閉場（金 17:00 NY）の 1 時間前。開場中のはずの時間帯,True,True,0
AUDUSD,1h@v1,2019-12-10T22:00Z,2019-12-10T23:00Z,1.0,2019,SOURCE_DATA,MEDIUM,上のパターンに当たらない 4 時間以下の欠落。休場宣言に該当なし,False,True,0
AUDUSD,1h@v1,2019-12-11T20:00Z,2019-12-11T21:00Z,1.0,2019,SOURCE_DATA,MEDIUM,上のパターンに当たらない 4 時間以下の欠落。休場宣言に該当なし,False,True,0
AUDUSD,1h@v1,2019-12-25T08:00Z,2019-12-25T09:00Z,1.0,2019,CALENDAR_ADJACENT_OR_SOURCE,LOW,クリスマスの短縮宣言に時間的に隣接する短い欠落。宣言区間そのものではない,False,True,0
AUDUSD,1h@v1,2019-12-27T19:00Z,2019-12-27T20:00Z,1.0,2019,SOURCE_DATA,MEDIUM,上のパターンに当たらない 4 時間以下の欠落。休場宣言に該当なし,False,True,0
AUDUSD,1h@v1,2020-03-13T20:00Z,2020-03-13T21:00Z,1.0,2020,SOURCE_DATA,MEDIUM,週の閉場（金 17:00 NY）の 1 時間前。開場中のはずの時間帯,True,True,0
AUDUSD,1h@v1,2020-03-20T20:00Z,2020-03-20T21:00Z,1.0,2020,SOURCE_DATA,MEDIUM,週の閉場（金 17:00 NY）の 1 時間前。開場中のはずの時間帯,True,True,0
AUDUSD,1h@v1,2020-03-27T20:00Z,2020-03-27T21:00Z,1.0,2020,SOURCE_DATA,MEDIUM,週の閉場（金 17:00 NY）の 1 時間前。開場中のはずの時間帯,True,True,0
AUDUSD,1h@v1,2020-03-29T23:00Z,2020-03-30T00:00Z,1.0,2020,SOURCE_DATA,MEDIUM,週の開場（日 17:00 NY）から 3 時間以内。開場中のはずの時間帯,True,True,0
AUDUSD,1h@v1,2020-10-30T20:00Z,2020-10-30T21:00Z,1.0,2020,SOURCE_DATA,MEDIUM,週の閉場（金 17:00 NY）の 1 時間前。開場中のはずの時間帯,True,True,0
AUDUSD,1h@v1,2020-11-30T05:00Z,2020-12-01T00:00Z,19.0,2020,SOURCE_DATA_KNOWN,HIGH,2020-11-30 単発の大規模欠損。manifest の分類の注記に「既知の休場と一致しない」と明記,True,True,0
AUDUSD,1h@v1,2021-03-19T20:00Z,2021-03-19T21:00Z,1.0,2021,SOURCE_DATA,MEDIUM,週の閉場（金 17:00 NY）の 1 時間前。開場中のはずの時間帯,True,True,0
AUDUSD,1h@v1,2021-03-26T20:00Z,2021-03-26T21:00Z,1.0,2021,SOURCE_DATA,MEDIUM,週の閉場（金 17:00 NY）の 1 時間前。開場中のはずの時間帯,True,True,0
AUDUSD,1h@v1,2021-03-28T23:00Z,2021-03-29T00:00Z,1.0,2021,SOURCE_DATA,MEDIUM,週の開場（日 17:00 NY）から 3 時間以内。開場中のはずの時間帯,True,True,0
AUDUSD,1h@v1,2021-05-31T04:00Z,2021-06-01T00:00Z,20.0,2021,SOURCE_DATA_KNOWN,HIGH,2021-05-31 単発の大規模欠損。manifest の分類の注記に「既知の休場と一致しない」と明記,True,True,0
AUDUSD,1h@v1,2021-11-05T20:00Z,2021-11-05T21:00Z,1.0,2021,SOURCE_DATA,MEDIUM,週の閉場（金 17:00 NY）の 1 時間前。開場中のはずの時間帯,True,True,0
AUDUSD,1h@v1,2022-03-18T20:00Z,2022-03-18T21:00Z,1.0,2022,SOURCE_DATA,MEDIUM,週の閉場（金 17:00 NY）の 1 時間前。開場中のはずの時間帯,True,True,0
AUDUSD,1h@v1,2022-03-25T20:00Z,2022-03-25T21:00Z,1.0,2022,SOURCE_DATA,MEDIUM,週の閉場（金 17:00 NY）の 1 時間前。開場中のはずの時間帯,True,True,0
AUDUSD,1h@v1,2022-03-27T23:00Z,2022-03-28T00:00Z,1.0,2022,SOURCE_DATA,MEDIUM,週の開場（日 17:00 NY）から 3 時間以内。開場中のはずの時間帯,True,True,0
AUDUSD,1h@v1,2022-06-29T14:00Z,2022-06-29T15:00Z,1.0,2022,SOURCE_DATA,MEDIUM,上のパターンに当たらない 4 時間以下の欠落。休場宣言に該当なし,False,True,0
AUDUSD,1h@v1,2022-06-29T21:00Z,2022-06-29T22:00Z,1.0,2022,SOURCE_DATA,MEDIUM,上のパターンに当たらない 4 時間以下の欠落。休場宣言に該当なし,False,True,0
AUDUSD,1h@v1,2022-11-04T20:00Z,2022-11-04T21:00Z,1.0,2022,SOURCE_DATA,MEDIUM,週の閉場（金 17:00 NY）の 1 時間前。開場中のはずの時間帯,True,True,0
AUDUSD,1h@v1,2022-11-28T11:00Z,2022-11-28T12:00Z,1.0,2022,SOURCE_DATA,MEDIUM,上のパターンに当たらない 4 時間以下の欠落。休場宣言に該当なし,False,True,0
AUDUSD,1h@v1,2023-11-03T20:00Z,2023-11-03T21:00Z,1.0,2023,SOURCE_DATA,MEDIUM,週の閉場（金 17:00 NY）の 1 時間前。開場中のはずの時間帯,True,True,0
AUDUSD,1h@v1,2023-12-24T22:00Z,2023-12-24T23:00Z,1.0,2023,SOURCE_DATA,MEDIUM,週の開場（日 17:00 NY）から 3 時間以内。開場中のはずの時間帯,True,True,0
EURGBP,15m@v1,2016-12-25T22:00Z,2016-12-25T22:30Z,0.5,2016,SOURCE_DATA,MEDIUM,週の開場（日 17:00 NY）から 3 時間以内。開場中のはずの時間帯,False,False,0
EURGBP,15m@v1,2016-12-26T07:15Z,2016-12-26T23:00Z,15.75,2016,CALENDAR_UNDECLARED_OR_PARTLY_SOURCE,LOW,2016 年クリスマス翌日の大きな欠落。2016 年は休場宣言が無い年,True,True,0
EURGBP,15m@v1,2017-01-01T22:00Z,2017-01-02T07:00Z,9.0,2017,CALENDAR,LOW,2017 年元日（日曜）の週の開場（日 17:00 NY）から月 02:00 NY までの 9 時間。fx_ny17 v2 の休場宣言は 2017-12-25 から始まり、2017 年の元日の前後は未宣言。2018 年以降の元日の宣言（前日 17:00〜当日 17:00 NY の 24 時間）とは長さも位置も一致しない,True,True,0
EURGBP,15m@v1,2018-12-30T22:00Z,2018-12-31T00:00Z,2.0,2018,SOURCE_DATA,MEDIUM,週の開場（日 17:00 NY）から 3 時間以内。開場中のはずの時間帯,False,True,0
EURGBP,15m@v1,2019-03-15T20:00Z,2019-03-15T21:00Z,1.0,2019,SOURCE_DATA,MEDIUM,週の閉場（金 17:00 NY）の 1 時間前。開場中のはずの時間帯,True,True,0
EURGBP,15m@v1,2019-03-22T20:00Z,2019-03-22T21:00Z,1.0,2019,SOURCE_DATA,MEDIUM,週の閉場（金 17:00 NY）の 1 時間前。開場中のはずの時間帯,True,True,0
EURGBP,15m@v1,2019-03-29T20:00Z,2019-03-29T21:00Z,1.0,2019,SOURCE_DATA,MEDIUM,週の閉場（金 17:00 NY）の 1 時間前。開場中のはずの時間帯,True,True,0
EURGBP,15m@v1,2019-03-31T23:00Z,2019-04-01T00:00Z,1.0,2019,SOURCE_DATA,MEDIUM,週の開場（日 17:00 NY）から 3 時間以内。開場中のはずの時間帯,True,True,0
EURGBP,15m@v1,2019-05-26T21:00Z,2019-05-27T10:00Z,13.0,2019,UNKNOWN,LOW,4 時間を超え、上のパターンに当たらない欠落。個別の確認が要る,False,True,0
EURGBP,15m@v1,2019-11-01T20:00Z,2019-11-01T21:00Z,1.0,2019,SOURCE_DATA,MEDIUM,週の閉場（金 17:00 NY）の 1 時間前。開場中のはずの時間帯,True,True,0
EURGBP,15m@v1,2019-12-24T22:00Z,2019-12-24T22:45Z,0.75,2019,CALENDAR_ADJACENT_OR_SOURCE,LOW,クリスマスの短縮宣言に時間的に隣接する短い欠落。宣言区間そのものではない,True,False,0
EURGBP,15m@v1,2019-12-25T08:00Z,2019-12-25T09:00Z,1.0,2019,CALENDAR_ADJACENT_OR_SOURCE,LOW,クリスマスの短縮宣言に時間的に隣接する短い欠落。宣言区間そのものではない,False,True,0
EURGBP,15m@v1,2020-03-13T20:00Z,2020-03-13T21:00Z,1.0,2020,SOURCE_DATA,MEDIUM,週の閉場（金 17:00 NY）の 1 時間前。開場中のはずの時間帯,True,True,0
EURGBP,15m@v1,2020-03-20T20:00Z,2020-03-20T21:00Z,1.0,2020,SOURCE_DATA,MEDIUM,週の閉場（金 17:00 NY）の 1 時間前。開場中のはずの時間帯,True,True,0
EURGBP,15m@v1,2020-03-27T20:00Z,2020-03-27T21:00Z,1.0,2020,SOURCE_DATA,MEDIUM,週の閉場（金 17:00 NY）の 1 時間前。開場中のはずの時間帯,True,True,0
EURGBP,15m@v1,2020-03-29T21:45Z,2020-03-29T22:00Z,0.25,2020,SOURCE_DATA,MEDIUM,週の開場（日 17:00 NY）から 3 時間以内。開場中のはずの時間帯,False,False,0
EURGBP,15m@v1,2020-03-29T23:00Z,2020-03-30T00:00Z,1.0,2020,SOURCE_DATA,MEDIUM,週の開場（日 17:00 NY）から 3 時間以内。開場中のはずの時間帯,True,True,0
EURGBP,15m@v1,2020-10-30T20:00Z,2020-10-30T21:00Z,1.0,2020,SOURCE_DATA,MEDIUM,週の閉場（金 17:00 NY）の 1 時間前。開場中のはずの時間帯,True,True,0
EURGBP,15m@v1,2020-11-30T05:00Z,2020-12-01T00:00Z,19.0,2020,SOURCE_DATA_KNOWN,HIGH,2020-11-30 単発の大規模欠損。manifest の分類の注記に「既知の休場と一致しない」と明記,True,True,0
EURGBP,15m@v1,2020-12-24T23:30Z,2020-12-24T23:45Z,0.25,2020,CALENDAR_ADJACENT_OR_SOURCE,LOW,クリスマスの短縮宣言に時間的に隣接する短い欠落。宣言区間そのものではない,False,False,0
EURGBP,15m@v1,2020-12-25T07:00Z,2020-12-25T08:00Z,1.0,2020,CALENDAR_ADJACENT_OR_SOURCE,LOW,クリスマスの短縮宣言に時間的に隣接する短い欠落。宣言区間そのものではない,False,True,0
EURGBP,15m@v1,2021-03-19T20:00Z,2021-03-19T21:00Z,1.0,2021,SOURCE_DATA,MEDIUM,週の閉場（金 17:00 NY）の 1 時間前。開場中のはずの時間帯,True,True,0
EURGBP,15m@v1,2021-03-26T20:00Z,2021-03-26T21:00Z,1.0,2021,SOURCE_DATA,MEDIUM,週の閉場（金 17:00 NY）の 1 時間前。開場中のはずの時間帯,True,True,0
EURGBP,15m@v1,2021-03-28T23:00Z,2021-03-29T00:00Z,1.0,2021,SOURCE_DATA,MEDIUM,週の開場（日 17:00 NY）から 3 時間以内。開場中のはずの時間帯,True,True,0
EURGBP,15m@v1,2021-05-21T18:00Z,2021-05-21T19:00Z,1.0,2021,SOURCE_DATA,MEDIUM,上のパターンに当たらない 4 時間以下の欠落。休場宣言に該当なし,False,True,0
EURGBP,15m@v1,2021-05-31T04:00Z,2021-06-01T00:00Z,20.0,2021,SOURCE_DATA_KNOWN,HIGH,2021-05-31 単発の大規模欠損。manifest の分類の注記に「既知の休場と一致しない」と明記,True,True,0
EURGBP,15m@v1,2021-11-05T20:00Z,2021-11-05T21:00Z,1.0,2021,SOURCE_DATA,MEDIUM,週の閉場（金 17:00 NY）の 1 時間前。開場中のはずの時間帯,True,True,0
EURGBP,15m@v1,2022-03-18T20:00Z,2022-03-18T21:00Z,1.0,2022,SOURCE_DATA,MEDIUM,週の閉場（金 17:00 NY）の 1 時間前。開場中のはずの時間帯,True,True,0
EURGBP,15m@v1,2022-03-25T20:00Z,2022-03-25T21:00Z,1.0,2022,SOURCE_DATA,MEDIUM,週の閉場（金 17:00 NY）の 1 時間前。開場中のはずの時間帯,True,True,0
EURGBP,15m@v1,2022-03-27T23:00Z,2022-03-28T00:00Z,1.0,2022,SOURCE_DATA,MEDIUM,週の開場（日 17:00 NY）から 3 時間以内。開場中のはずの時間帯,True,True,0
EURGBP,15m@v1,2022-11-04T20:00Z,2022-11-04T21:00Z,1.0,2022,SOURCE_DATA,MEDIUM,週の閉場（金 17:00 NY）の 1 時間前。開場中のはずの時間帯,True,True,0
EURGBP,15m@v1,2022-12-22T22:00Z,2022-12-22T22:15Z,0.25,2022,SOURCE_DATA,MEDIUM,上のパターンに当たらない 4 時間以下の欠落。休場宣言に該当なし,False,False,0
EURGBP,15m@v1,2023-01-01T22:00Z,2023-01-01T23:15Z,1.25,2023,SOURCE_DATA,MEDIUM,週の開場（日 17:00 NY）から 3 時間以内。開場中のはずの時間帯,False,True,0
EURGBP,15m@v1,2023-09-25T10:15Z,2023-09-25T11:00Z,0.75,2023,SOURCE_DATA,MEDIUM,上のパターンに当たらない 4 時間以下の欠落。休場宣言に該当なし,True,False,0
EURGBP,15m@v1,2023-11-03T20:00Z,2023-11-03T21:00Z,1.0,2023,SOURCE_DATA,MEDIUM,週の閉場（金 17:00 NY）の 1 時間前。開場中のはずの時間帯,True,True,0
EURGBP,15m@v1,2023-12-24T22:00Z,2023-12-24T23:00Z,1.0,2023,SOURCE_DATA,MEDIUM,週の開場（日 17:00 NY）から 3 時間以内。開場中のはずの時間帯,True,True,0
EURGBP,15m@v1,2023-12-24T23:30Z,2023-12-25T00:00Z,0.5,2023,SOURCE_DATA,MEDIUM,週の開場（日 17:00 NY）から 3 時間以内。開場中のはずの時間帯,False,False,0
EURGBP,1h@v1,2016-12-26T08:00Z,2016-12-26T23:00Z,15.0,2016,CALENDAR_UNDECLARED_OR_PARTLY_SOURCE,LOW,2016 年クリスマス翌日の大きな欠落。2016 年は休場宣言が無い年,True,True,0
EURGBP,1h@v1,2017-01-01T22:00Z,2017-01-02T07:00Z,9.0,2017,CALENDAR,LOW,2017 年元日（日曜）の週の開場（日 17:00 NY）から月 02:00 NY までの 9 時間。fx_ny17 v2 の休場宣言は 2017-12-25 から始まり、2017 年の元日の前後は未宣言。2018 年以降の元日の宣言（前日 17:00〜当日 17:00 NY の 24 時間）とは長さも位置も一致しない,True,True,0
EURGBP,1h@v1,2018-12-30T22:00Z,2018-12-31T00:00Z,2.0,2018,SOURCE_DATA,MEDIUM,週の開場（日 17:00 NY）から 3 時間以内。開場中のはずの時間帯,False,True,0
EURGBP,1h@v1,2019-03-15T20:00Z,2019-03-15T21:00Z,1.0,2019,SOURCE_DATA,MEDIUM,週の閉場（金 17:00 NY）の 1 時間前。開場中のはずの時間帯,True,True,0
EURGBP,1h@v1,2019-03-22T20:00Z,2019-03-22T21:00Z,1.0,2019,SOURCE_DATA,MEDIUM,週の閉場（金 17:00 NY）の 1 時間前。開場中のはずの時間帯,True,True,0
EURGBP,1h@v1,2019-03-29T20:00Z,2019-03-29T21:00Z,1.0,2019,SOURCE_DATA,MEDIUM,週の閉場（金 17:00 NY）の 1 時間前。開場中のはずの時間帯,True,True,0
EURGBP,1h@v1,2019-03-31T23:00Z,2019-04-01T00:00Z,1.0,2019,SOURCE_DATA,MEDIUM,週の開場（日 17:00 NY）から 3 時間以内。開場中のはずの時間帯,True,True,0
EURGBP,1h@v1,2019-05-26T21:00Z,2019-05-27T10:00Z,13.0,2019,UNKNOWN,LOW,4 時間を超え、上のパターンに当たらない欠落。個別の確認が要る,False,True,0
EURGBP,1h@v1,2019-11-01T20:00Z,2019-11-01T21:00Z,1.0,2019,SOURCE_DATA,MEDIUM,週の閉場（金 17:00 NY）の 1 時間前。開場中のはずの時間帯,True,True,0
EURGBP,1h@v1,2019-12-25T08:00Z,2019-12-25T09:00Z,1.0,2019,CALENDAR_ADJACENT_OR_SOURCE,LOW,クリスマスの短縮宣言に時間的に隣接する短い欠落。宣言区間そのものではない,False,True,0
EURGBP,1h@v1,2020-03-13T20:00Z,2020-03-13T21:00Z,1.0,2020,SOURCE_DATA,MEDIUM,週の閉場（金 17:00 NY）の 1 時間前。開場中のはずの時間帯,True,True,0
EURGBP,1h@v1,2020-03-20T20:00Z,2020-03-20T21:00Z,1.0,2020,SOURCE_DATA,MEDIUM,週の閉場（金 17:00 NY）の 1 時間前。開場中のはずの時間帯,True,True,0
EURGBP,1h@v1,2020-03-27T20:00Z,2020-03-27T21:00Z,1.0,2020,SOURCE_DATA,MEDIUM,週の閉場（金 17:00 NY）の 1 時間前。開場中のはずの時間帯,True,True,0
EURGBP,1h@v1,2020-03-29T23:00Z,2020-03-30T00:00Z,1.0,2020,SOURCE_DATA,MEDIUM,週の開場（日 17:00 NY）から 3 時間以内。開場中のはずの時間帯,True,True,0
EURGBP,1h@v1,2020-10-30T20:00Z,2020-10-30T21:00Z,1.0,2020,SOURCE_DATA,MEDIUM,週の閉場（金 17:00 NY）の 1 時間前。開場中のはずの時間帯,True,True,0
EURGBP,1h@v1,2020-11-30T05:00Z,2020-12-01T00:00Z,19.0,2020,SOURCE_DATA_KNOWN,HIGH,2020-11-30 単発の大規模欠損。manifest の分類の注記に「既知の休場と一致しない」と明記,True,True,0
EURGBP,1h@v1,2020-12-25T07:00Z,2020-12-25T08:00Z,1.0,2020,CALENDAR_ADJACENT_OR_SOURCE,LOW,クリスマスの短縮宣言に時間的に隣接する短い欠落。宣言区間そのものではない,False,True,0
EURGBP,1h@v1,2021-03-19T20:00Z,2021-03-19T21:00Z,1.0,2021,SOURCE_DATA,MEDIUM,週の閉場（金 17:00 NY）の 1 時間前。開場中のはずの時間帯,True,True,0
EURGBP,1h@v1,2021-03-26T20:00Z,2021-03-26T21:00Z,1.0,2021,SOURCE_DATA,MEDIUM,週の閉場（金 17:00 NY）の 1 時間前。開場中のはずの時間帯,True,True,0
EURGBP,1h@v1,2021-03-28T23:00Z,2021-03-29T00:00Z,1.0,2021,SOURCE_DATA,MEDIUM,週の開場（日 17:00 NY）から 3 時間以内。開場中のはずの時間帯,True,True,0
EURGBP,1h@v1,2021-05-21T18:00Z,2021-05-21T19:00Z,1.0,2021,SOURCE_DATA,MEDIUM,上のパターンに当たらない 4 時間以下の欠落。休場宣言に該当なし,False,True,0
EURGBP,1h@v1,2021-05-31T04:00Z,2021-06-01T00:00Z,20.0,2021,SOURCE_DATA_KNOWN,HIGH,2021-05-31 単発の大規模欠損。manifest の分類の注記に「既知の休場と一致しない」と明記,True,True,0
EURGBP,1h@v1,2021-11-05T20:00Z,2021-11-05T21:00Z,1.0,2021,SOURCE_DATA,MEDIUM,週の閉場（金 17:00 NY）の 1 時間前。開場中のはずの時間帯,True,True,0
EURGBP,1h@v1,2022-03-18T20:00Z,2022-03-18T21:00Z,1.0,2022,SOURCE_DATA,MEDIUM,週の閉場（金 17:00 NY）の 1 時間前。開場中のはずの時間帯,True,True,0
EURGBP,1h@v1,2022-03-25T20:00Z,2022-03-25T21:00Z,1.0,2022,SOURCE_DATA,MEDIUM,週の閉場（金 17:00 NY）の 1 時間前。開場中のはずの時間帯,True,True,0
EURGBP,1h@v1,2022-03-27T23:00Z,2022-03-28T00:00Z,1.0,2022,SOURCE_DATA,MEDIUM,週の開場（日 17:00 NY）から 3 時間以内。開場中のはずの時間帯,True,True,0
EURGBP,1h@v1,2022-11-04T20:00Z,2022-11-04T21:00Z,1.0,2022,SOURCE_DATA,MEDIUM,週の閉場（金 17:00 NY）の 1 時間前。開場中のはずの時間帯,True,True,0
EURGBP,1h@v1,2023-01-01T22:00Z,2023-01-01T23:00Z,1.0,2023,SOURCE_DATA,MEDIUM,週の開場（日 17:00 NY）から 3 時間以内。開場中のはずの時間帯,False,True,0
EURGBP,1h@v1,2023-11-03T20:00Z,2023-11-03T21:00Z,1.0,2023,SOURCE_DATA,MEDIUM,週の閉場（金 17:00 NY）の 1 時間前。開場中のはずの時間帯,True,True,0
EURGBP,1h@v1,2023-12-24T22:00Z,2023-12-24T23:00Z,1.0,2023,SOURCE_DATA,MEDIUM,週の開場（日 17:00 NY）から 3 時間以内。開場中のはずの時間帯,True,True,0
EURJPY,15m@v1,2016-12-25T22:00Z,2016-12-25T22:30Z,0.5,2016,SOURCE_DATA,MEDIUM,週の開場（日 17:00 NY）から 3 時間以内。開場中のはずの時間帯,False,False,0
EURJPY,15m@v1,2016-12-26T07:00Z,2016-12-26T23:00Z,16.0,2016,CALENDAR_UNDECLARED_OR_PARTLY_SOURCE,LOW,2016 年クリスマス翌日の大きな欠落。2016 年は休場宣言が無い年,False,True,0
EURJPY,15m@v1,2017-01-01T22:00Z,2017-01-02T07:00Z,9.0,2017,CALENDAR,LOW,2017 年元日（日曜）の週の開場（日 17:00 NY）から月 02:00 NY までの 9 時間。fx_ny17 v2 の休場宣言は 2017-12-25 から始まり、2017 年の元日の前後は未宣言。2018 年以降の元日の宣言（前日 17:00〜当日 17:00 NY の 24 時間）とは長さも位置も一致しない,True,True,0
EURJPY,15m@v1,2019-03-15T20:00Z,2019-03-15T21:00Z,1.0,2019,SOURCE_DATA,MEDIUM,週の閉場（金 17:00 NY）の 1 時間前。開場中のはずの時間帯,True,True,0
EURJPY,15m@v1,2019-03-22T20:00Z,2019-03-22T21:00Z,1.0,2019,SOURCE_DATA,MEDIUM,週の閉場（金 17:00 NY）の 1 時間前。開場中のはずの時間帯,True,True,0
EURJPY,15m@v1,2019-03-29T20:00Z,2019-03-29T21:00Z,1.0,2019,SOURCE_DATA,MEDIUM,週の閉場（金 17:00 NY）の 1 時間前。開場中のはずの時間帯,True,True,0
EURJPY,15m@v1,2019-03-31T23:00Z,2019-04-01T00:00Z,1.0,2019,SOURCE_DATA,MEDIUM,週の開場（日 17:00 NY）から 3 時間以内。開場中のはずの時間帯,True,True,0
EURJPY,15m@v1,2019-05-26T21:00Z,2019-05-27T02:00Z,5.0,2019,UNKNOWN,LOW,4 時間を超え、上のパターンに当たらない欠落。個別の確認が要る,False,True,0
EURJPY,15m@v1,2019-05-27T03:00Z,2019-05-27T08:00Z,5.0,2019,UNKNOWN,LOW,4 時間を超え、上のパターンに当たらない欠落。個別の確認が要る,False,True,0
EURJPY,15m@v1,2019-05-27T09:00Z,2019-05-27T10:00Z,1.0,2019,SOURCE_DATA,MEDIUM,上のパターンに当たらない 4 時間以下の欠落。休場宣言に該当なし,False,True,0
EURJPY,15m@v1,2019-11-01T20:00Z,2019-11-01T21:00Z,1.0,2019,SOURCE_DATA,MEDIUM,週の閉場（金 17:00 NY）の 1 時間前。開場中のはずの時間帯,True,True,0
EURJPY,15m@v1,2019-12-24T22:00Z,2019-12-24T22:45Z,0.75,2019,CALENDAR_ADJACENT_OR_SOURCE,LOW,クリスマスの短縮宣言に時間的に隣接する短い欠落。宣言区間そのものではない,True,False,0
EURJPY,15m@v1,2019-12-25T08:00Z,2019-12-25T09:00Z,1.0,2019,CALENDAR_ADJACENT_OR_SOURCE,LOW,クリスマスの短縮宣言に時間的に隣接する短い欠落。宣言区間そのものではない,False,True,0
EURJPY,15m@v1,2020-03-13T20:00Z,2020-03-13T21:00Z,1.0,2020,SOURCE_DATA,MEDIUM,週の閉場（金 17:00 NY）の 1 時間前。開場中のはずの時間帯,True,True,0
EURJPY,15m@v1,2020-03-20T20:00Z,2020-03-20T21:00Z,1.0,2020,SOURCE_DATA,MEDIUM,週の閉場（金 17:00 NY）の 1 時間前。開場中のはずの時間帯,True,True,0
EURJPY,15m@v1,2020-03-27T20:00Z,2020-03-27T21:00Z,1.0,2020,SOURCE_DATA,MEDIUM,週の閉場（金 17:00 NY）の 1 時間前。開場中のはずの時間帯,True,True,0
EURJPY,15m@v1,2020-03-29T23:00Z,2020-03-30T00:00Z,1.0,2020,SOURCE_DATA,MEDIUM,週の開場（日 17:00 NY）から 3 時間以内。開場中のはずの時間帯,True,True,0
EURJPY,15m@v1,2020-10-30T20:00Z,2020-10-30T21:00Z,1.0,2020,SOURCE_DATA,MEDIUM,週の閉場（金 17:00 NY）の 1 時間前。開場中のはずの時間帯,True,True,0
EURJPY,15m@v1,2020-11-30T05:00Z,2020-12-01T00:00Z,19.0,2020,SOURCE_DATA_KNOWN,HIGH,2020-11-30 単発の大規模欠損。manifest の分類の注記に「既知の休場と一致しない」と明記,True,True,0
EURJPY,15m@v1,2020-12-25T07:45Z,2020-12-25T08:00Z,0.25,2020,CALENDAR_ADJACENT_OR_SOURCE,LOW,クリスマスの短縮宣言に時間的に隣接する短い欠落。宣言区間そのものではない,False,False,0
EURJPY,15m@v1,2021-03-19T20:00Z,2021-03-19T21:00Z,1.0,2021,SOURCE_DATA,MEDIUM,週の閉場（金 17:00 NY）の 1 時間前。開場中のはずの時間帯,True,True,0
EURJPY,15m@v1,2021-03-26T20:00Z,2021-03-26T21:00Z,1.0,2021,SOURCE_DATA,MEDIUM,週の閉場（金 17:00 NY）の 1 時間前。開場中のはずの時間帯,True,True,0
EURJPY,15m@v1,2021-03-28T23:00Z,2021-03-29T00:00Z,1.0,2021,SOURCE_DATA,MEDIUM,週の開場（日 17:00 NY）から 3 時間以内。開場中のはずの時間帯,True,True,0
EURJPY,15m@v1,2021-05-31T04:00Z,2021-06-01T00:00Z,20.0,2021,SOURCE_DATA_KNOWN,HIGH,2021-05-31 単発の大規模欠損。manifest の分類の注記に「既知の休場と一致しない」と明記,True,True,0
EURJPY,15m@v1,2021-11-05T20:00Z,2021-11-05T21:00Z,1.0,2021,SOURCE_DATA,MEDIUM,週の閉場（金 17:00 NY）の 1 時間前。開場中のはずの時間帯,True,True,0
EURJPY,15m@v1,2021-12-26T22:00Z,2021-12-26T22:15Z,0.25,2021,SOURCE_DATA,MEDIUM,週の開場（日 17:00 NY）から 3 時間以内。開場中のはずの時間帯,False,False,0
EURJPY,15m@v1,2022-03-18T20:00Z,2022-03-18T21:00Z,1.0,2022,SOURCE_DATA,MEDIUM,週の閉場（金 17:00 NY）の 1 時間前。開場中のはずの時間帯,True,True,0
EURJPY,15m@v1,2022-03-25T20:00Z,2022-03-25T21:00Z,1.0,2022,SOURCE_DATA,MEDIUM,週の閉場（金 17:00 NY）の 1 時間前。開場中のはずの時間帯,True,True,0
EURJPY,15m@v1,2022-03-27T23:00Z,2022-03-28T00:00Z,1.0,2022,SOURCE_DATA,MEDIUM,週の開場（日 17:00 NY）から 3 時間以内。開場中のはずの時間帯,True,True,0
EURJPY,15m@v1,2022-05-08T21:00Z,2022-05-08T21:15Z,0.25,2022,SOURCE_DATA,MEDIUM,週の開場（日 17:00 NY）から 3 時間以内。開場中のはずの時間帯,False,False,0
EURJPY,15m@v1,2022-05-15T21:00Z,2022-05-15T21:15Z,0.25,2022,SOURCE_DATA,MEDIUM,週の開場（日 17:00 NY）から 3 時間以内。開場中のはずの時間帯,False,False,0
EURJPY,15m@v1,2022-06-15T09:00Z,2022-06-15T10:00Z,1.0,2022,SOURCE_DATA,MEDIUM,上のパターンに当たらない 4 時間以下の欠落。休場宣言に該当なし,False,True,0
EURJPY,15m@v1,2022-06-26T21:00Z,2022-06-26T21:30Z,0.5,2022,SOURCE_DATA,MEDIUM,週の開場（日 17:00 NY）から 3 時間以内。開場中のはずの時間帯,False,False,0
EURJPY,15m@v1,2022-07-19T19:00Z,2022-07-19T20:00Z,1.0,2022,SOURCE_DATA,MEDIUM,上のパターンに当たらない 4 時間以下の欠落。休場宣言に該当なし,False,True,0
EURJPY,15m@v1,2022-11-04T20:00Z,2022-11-04T21:00Z,1.0,2022,SOURCE_DATA,MEDIUM,週の閉場（金 17:00 NY）の 1 時間前。開場中のはずの時間帯,True,True,0
EURJPY,15m@v1,2022-11-28T09:00Z,2022-11-28T10:00Z,1.0,2022,SOURCE_DATA,MEDIUM,上のパターンに当たらない 4 時間以下の欠落。休場宣言に該当なし,False,True,0
EURJPY,15m@v1,2022-11-28T19:00Z,2022-11-28T20:00Z,1.0,2022,SOURCE_DATA,MEDIUM,上のパターンに当たらない 4 時間以下の欠落。休場宣言に該当なし,False,True,0
EURJPY,15m@v1,2022-12-25T22:30Z,2022-12-25T23:00Z,0.5,2022,SOURCE_DATA,MEDIUM,週の開場（日 17:00 NY）から 3 時間以内。開場中のはずの時間帯,False,False,0
EURJPY,15m@v1,2023-01-01T22:00Z,2023-01-01T23:45Z,1.75,2023,SOURCE_DATA,MEDIUM,週の開場（日 17:00 NY）から 3 時間以内。開場中のはずの時間帯,False,True,0
EURJPY,15m@v1,2023-09-25T10:15Z,2023-09-25T11:00Z,0.75,2023,SOURCE_DATA,MEDIUM,上のパターンに当たらない 4 時間以下の欠落。休場宣言に該当なし,True,False,0
EURJPY,15m@v1,2023-11-03T20:00Z,2023-11-03T21:00Z,1.0,2023,SOURCE_DATA,MEDIUM,週の閉場（金 17:00 NY）の 1 時間前。開場中のはずの時間帯,True,True,0
EURJPY,15m@v1,2023-12-24T22:00Z,2023-12-24T23:30Z,1.5,2023,SOURCE_DATA,MEDIUM,週の開場（日 17:00 NY）から 3 時間以内。開場中のはずの時間帯,False,True,0
EURJPY,15m@v1,2023-12-25T05:45Z,2023-12-25T06:00Z,0.25,2023,CALENDAR_ADJACENT_OR_SOURCE,LOW,クリスマスの短縮宣言に時間的に隣接する短い欠落。宣言区間そのものではない,False,False,0
EURJPY,15m@v1,2023-12-25T07:15Z,2023-12-25T08:00Z,0.75,2023,CALENDAR_ADJACENT_OR_SOURCE,LOW,クリスマスの短縮宣言に時間的に隣接する短い欠落。宣言区間そのものではない,False,False,0
EURJPY,15m@v1,2023-12-25T22:00Z,2023-12-25T22:15Z,0.25,2023,CALENDAR_ADJACENT_OR_SOURCE,LOW,クリスマスの短縮宣言に時間的に隣接する短い欠落。宣言区間そのものではない,False,False,0
EURJPY,1h@v1,2016-12-26T07:00Z,2016-12-26T23:00Z,16.0,2016,CALENDAR_UNDECLARED_OR_PARTLY_SOURCE,LOW,2016 年クリスマス翌日の大きな欠落。2016 年は休場宣言が無い年,False,True,0
EURJPY,1h@v1,2017-01-01T22:00Z,2017-01-02T07:00Z,9.0,2017,CALENDAR,LOW,2017 年元日（日曜）の週の開場（日 17:00 NY）から月 02:00 NY までの 9 時間。fx_ny17 v2 の休場宣言は 2017-12-25 から始まり、2017 年の元日の前後は未宣言。2018 年以降の元日の宣言（前日 17:00〜当日 17:00 NY の 24 時間）とは長さも位置も一致しない,True,True,0
EURJPY,1h@v1,2019-03-15T20:00Z,2019-03-15T21:00Z,1.0,2019,SOURCE_DATA,MEDIUM,週の閉場（金 17:00 NY）の 1 時間前。開場中のはずの時間帯,True,True,0
EURJPY,1h@v1,2019-03-22T20:00Z,2019-03-22T21:00Z,1.0,2019,SOURCE_DATA,MEDIUM,週の閉場（金 17:00 NY）の 1 時間前。開場中のはずの時間帯,True,True,0
EURJPY,1h@v1,2019-03-29T20:00Z,2019-03-29T21:00Z,1.0,2019,SOURCE_DATA,MEDIUM,週の閉場（金 17:00 NY）の 1 時間前。開場中のはずの時間帯,True,True,0
EURJPY,1h@v1,2019-03-31T23:00Z,2019-04-01T00:00Z,1.0,2019,SOURCE_DATA,MEDIUM,週の開場（日 17:00 NY）から 3 時間以内。開場中のはずの時間帯,True,True,0
EURJPY,1h@v1,2019-05-26T21:00Z,2019-05-27T02:00Z,5.0,2019,UNKNOWN,LOW,4 時間を超え、上のパターンに当たらない欠落。個別の確認が要る,False,True,0
EURJPY,1h@v1,2019-05-27T03:00Z,2019-05-27T08:00Z,5.0,2019,UNKNOWN,LOW,4 時間を超え、上のパターンに当たらない欠落。個別の確認が要る,False,True,0
EURJPY,1h@v1,2019-05-27T09:00Z,2019-05-27T10:00Z,1.0,2019,SOURCE_DATA,MEDIUM,上のパターンに当たらない 4 時間以下の欠落。休場宣言に該当なし,False,True,0
EURJPY,1h@v1,2019-11-01T20:00Z,2019-11-01T21:00Z,1.0,2019,SOURCE_DATA,MEDIUM,週の閉場（金 17:00 NY）の 1 時間前。開場中のはずの時間帯,True,True,0
EURJPY,1h@v1,2019-12-25T08:00Z,2019-12-25T09:00Z,1.0,2019,CALENDAR_ADJACENT_OR_SOURCE,LOW,クリスマスの短縮宣言に時間的に隣接する短い欠落。宣言区間そのものではない,False,True,0
EURJPY,1h@v1,2020-03-13T20:00Z,2020-03-13T21:00Z,1.0,2020,SOURCE_DATA,MEDIUM,週の閉場（金 17:00 NY）の 1 時間前。開場中のはずの時間帯,True,True,0
EURJPY,1h@v1,2020-03-20T20:00Z,2020-03-20T21:00Z,1.0,2020,SOURCE_DATA,MEDIUM,週の閉場（金 17:00 NY）の 1 時間前。開場中のはずの時間帯,True,True,0
EURJPY,1h@v1,2020-03-27T20:00Z,2020-03-27T21:00Z,1.0,2020,SOURCE_DATA,MEDIUM,週の閉場（金 17:00 NY）の 1 時間前。開場中のはずの時間帯,True,True,0
EURJPY,1h@v1,2020-03-29T23:00Z,2020-03-30T00:00Z,1.0,2020,SOURCE_DATA,MEDIUM,週の開場（日 17:00 NY）から 3 時間以内。開場中のはずの時間帯,True,True,0
EURJPY,1h@v1,2020-10-30T20:00Z,2020-10-30T21:00Z,1.0,2020,SOURCE_DATA,MEDIUM,週の閉場（金 17:00 NY）の 1 時間前。開場中のはずの時間帯,True,True,0
EURJPY,1h@v1,2020-11-30T05:00Z,2020-12-01T00:00Z,19.0,2020,SOURCE_DATA_KNOWN,HIGH,2020-11-30 単発の大規模欠損。manifest の分類の注記に「既知の休場と一致しない」と明記,True,True,0
EURJPY,1h@v1,2021-03-19T20:00Z,2021-03-19T21:00Z,1.0,2021,SOURCE_DATA,MEDIUM,週の閉場（金 17:00 NY）の 1 時間前。開場中のはずの時間帯,True,True,0
EURJPY,1h@v1,2021-03-26T20:00Z,2021-03-26T21:00Z,1.0,2021,SOURCE_DATA,MEDIUM,週の閉場（金 17:00 NY）の 1 時間前。開場中のはずの時間帯,True,True,0
EURJPY,1h@v1,2021-03-28T23:00Z,2021-03-29T00:00Z,1.0,2021,SOURCE_DATA,MEDIUM,週の開場（日 17:00 NY）から 3 時間以内。開場中のはずの時間帯,True,True,0
EURJPY,1h@v1,2021-05-31T04:00Z,2021-06-01T00:00Z,20.0,2021,SOURCE_DATA_KNOWN,HIGH,2021-05-31 単発の大規模欠損。manifest の分類の注記に「既知の休場と一致しない」と明記,True,True,0
EURJPY,1h@v1,2021-11-05T20:00Z,2021-11-05T21:00Z,1.0,2021,SOURCE_DATA,MEDIUM,週の閉場（金 17:00 NY）の 1 時間前。開場中のはずの時間帯,True,True,0
EURJPY,1h@v1,2022-03-18T20:00Z,2022-03-18T21:00Z,1.0,2022,SOURCE_DATA,MEDIUM,週の閉場（金 17:00 NY）の 1 時間前。開場中のはずの時間帯,True,True,0
EURJPY,1h@v1,2022-03-25T20:00Z,2022-03-25T21:00Z,1.0,2022,SOURCE_DATA,MEDIUM,週の閉場（金 17:00 NY）の 1 時間前。開場中のはずの時間帯,True,True,0
EURJPY,1h@v1,2022-03-27T23:00Z,2022-03-28T00:00Z,1.0,2022,SOURCE_DATA,MEDIUM,週の開場（日 17:00 NY）から 3 時間以内。開場中のはずの時間帯,True,True,0
EURJPY,1h@v1,2022-06-15T09:00Z,2022-06-15T10:00Z,1.0,2022,SOURCE_DATA,MEDIUM,上のパターンに当たらない 4 時間以下の欠落。休場宣言に該当なし,False,True,0
EURJPY,1h@v1,2022-07-19T19:00Z,2022-07-19T20:00Z,1.0,2022,SOURCE_DATA,MEDIUM,上のパターンに当たらない 4 時間以下の欠落。休場宣言に該当なし,False,True,0
EURJPY,1h@v1,2022-11-04T20:00Z,2022-11-04T21:00Z,1.0,2022,SOURCE_DATA,MEDIUM,週の閉場（金 17:00 NY）の 1 時間前。開場中のはずの時間帯,True,True,0
EURJPY,1h@v1,2022-11-28T09:00Z,2022-11-28T10:00Z,1.0,2022,SOURCE_DATA,MEDIUM,上のパターンに当たらない 4 時間以下の欠落。休場宣言に該当なし,False,True,0
EURJPY,1h@v1,2022-11-28T19:00Z,2022-11-28T20:00Z,1.0,2022,SOURCE_DATA,MEDIUM,上のパターンに当たらない 4 時間以下の欠落。休場宣言に該当なし,False,True,0
EURJPY,1h@v1,2023-01-01T22:00Z,2023-01-01T23:00Z,1.0,2023,SOURCE_DATA,MEDIUM,週の開場（日 17:00 NY）から 3 時間以内。開場中のはずの時間帯,False,True,0
EURJPY,1h@v1,2023-11-03T20:00Z,2023-11-03T21:00Z,1.0,2023,SOURCE_DATA,MEDIUM,週の閉場（金 17:00 NY）の 1 時間前。開場中のはずの時間帯,True,True,0
EURJPY,1h@v1,2023-12-24T22:00Z,2023-12-24T23:00Z,1.0,2023,SOURCE_DATA,MEDIUM,週の開場（日 17:00 NY）から 3 時間以内。開場中のはずの時間帯,True,True,0
EURUSD,15m@v1,2016-12-25T22:00Z,2016-12-25T22:30Z,0.5,2016,SOURCE_DATA,MEDIUM,週の開場（日 17:00 NY）から 3 時間以内。開場中のはずの時間帯,False,False,0
EURUSD,15m@v1,2016-12-26T07:00Z,2016-12-26T23:00Z,16.0,2016,CALENDAR_UNDECLARED_OR_PARTLY_SOURCE,LOW,2016 年クリスマス翌日の大きな欠落。2016 年は休場宣言が無い年,False,True,0
EURUSD,15m@v1,2017-01-01T22:00Z,2017-01-02T07:00Z,9.0,2017,CALENDAR,LOW,2017 年元日（日曜）の週の開場（日 17:00 NY）から月 02:00 NY までの 9 時間。fx_ny17 v2 の休場宣言は 2017-12-25 から始まり、2017 年の元日の前後は未宣言。2018 年以降の元日の宣言（前日 17:00〜当日 17:00 NY の 24 時間）とは長さも位置も一致しない,True,True,0
EURUSD,15m@v1,2019-03-15T20:00Z,2019-03-15T21:00Z,1.0,2019,SOURCE_DATA,MEDIUM,週の閉場（金 17:00 NY）の 1 時間前。開場中のはずの時間帯,True,True,0
EURUSD,15m@v1,2019-03-22T20:00Z,2019-03-22T21:00Z,1.0,2019,SOURCE_DATA,MEDIUM,週の閉場（金 17:00 NY）の 1 時間前。開場中のはずの時間帯,True,True,0
EURUSD,15m@v1,2019-03-29T20:00Z,2019-03-29T21:00Z,1.0,2019,SOURCE_DATA,MEDIUM,週の閉場（金 17:00 NY）の 1 時間前。開場中のはずの時間帯,True,True,0
EURUSD,15m@v1,2019-03-31T23:00Z,2019-04-01T00:00Z,1.0,2019,SOURCE_DATA,MEDIUM,週の開場（日 17:00 NY）から 3 時間以内。開場中のはずの時間帯,True,True,0
EURUSD,15m@v1,2019-05-26T21:00Z,2019-05-27T03:00Z,6.0,2019,UNKNOWN,LOW,4 時間を超え、上のパターンに当たらない欠落。個別の確認が要る,False,True,0
EURUSD,15m@v1,2019-05-27T04:00Z,2019-05-27T10:00Z,6.0,2019,UNKNOWN,LOW,4 時間を超え、上のパターンに当たらない欠落。個別の確認が要る,False,True,0
EURUSD,15m@v1,2019-11-01T20:00Z,2019-11-01T21:00Z,1.0,2019,SOURCE_DATA,MEDIUM,週の閉場（金 17:00 NY）の 1 時間前。開場中のはずの時間帯,True,True,0
EURUSD,15m@v1,2019-12-24T22:00Z,2019-12-24T22:45Z,0.75,2019,CALENDAR_ADJACENT_OR_SOURCE,LOW,クリスマスの短縮宣言に時間的に隣接する短い欠落。宣言区間そのものではない,True,False,0
EURUSD,15m@v1,2019-12-25T08:00Z,2019-12-25T09:00Z,1.0,2019,CALENDAR_ADJACENT_OR_SOURCE,LOW,クリスマスの短縮宣言に時間的に隣接する短い欠落。宣言区間そのものではない,False,True,0
EURUSD,15m@v1,2020-03-13T20:00Z,2020-03-13T21:00Z,1.0,2020,SOURCE_DATA,MEDIUM,週の閉場（金 17:00 NY）の 1 時間前。開場中のはずの時間帯,True,True,0
EURUSD,15m@v1,2020-03-20T20:00Z,2020-03-20T21:00Z,1.0,2020,SOURCE_DATA,MEDIUM,週の閉場（金 17:00 NY）の 1 時間前。開場中のはずの時間帯,True,True,0
EURUSD,15m@v1,2020-03-27T20:00Z,2020-03-27T21:00Z,1.0,2020,SOURCE_DATA,MEDIUM,週の閉場（金 17:00 NY）の 1 時間前。開場中のはずの時間帯,True,True,0
EURUSD,15m@v1,2020-03-29T23:00Z,2020-03-30T00:00Z,1.0,2020,SOURCE_DATA,MEDIUM,週の開場（日 17:00 NY）から 3 時間以内。開場中のはずの時間帯,True,True,0
EURUSD,15m@v1,2020-10-30T20:00Z,2020-10-30T21:00Z,1.0,2020,SOURCE_DATA,MEDIUM,週の閉場（金 17:00 NY）の 1 時間前。開場中のはずの時間帯,True,True,0
EURUSD,15m@v1,2020-11-30T05:00Z,2020-12-01T00:00Z,19.0,2020,SOURCE_DATA_KNOWN,HIGH,2020-11-30 単発の大規模欠損。manifest の分類の注記に「既知の休場と一致しない」と明記,True,True,0
EURUSD,15m@v1,2020-12-24T22:15Z,2020-12-24T22:30Z,0.25,2020,CALENDAR_ADJACENT_OR_SOURCE,LOW,クリスマスの短縮宣言に時間的に隣接する短い欠落。宣言区間そのものではない,False,False,0
EURUSD,15m@v1,2021-03-19T20:00Z,2021-03-19T21:00Z,1.0,2021,SOURCE_DATA,MEDIUM,週の閉場（金 17:00 NY）の 1 時間前。開場中のはずの時間帯,True,True,0
EURUSD,15m@v1,2021-03-26T20:00Z,2021-03-26T21:00Z,1.0,2021,SOURCE_DATA,MEDIUM,週の閉場（金 17:00 NY）の 1 時間前。開場中のはずの時間帯,True,True,0
EURUSD,15m@v1,2021-03-28T23:00Z,2021-03-29T00:00Z,1.0,2021,SOURCE_DATA,MEDIUM,週の開場（日 17:00 NY）から 3 時間以内。開場中のはずの時間帯,True,True,0
EURUSD,15m@v1,2021-04-20T21:15Z,2021-04-20T21:30Z,0.25,2021,SOURCE_DATA,MEDIUM,上のパターンに当たらない 4 時間以下の欠落。休場宣言に該当なし,False,False,0
EURUSD,15m@v1,2021-05-31T04:00Z,2021-06-01T00:00Z,20.0,2021,SOURCE_DATA_KNOWN,HIGH,2021-05-31 単発の大規模欠損。manifest の分類の注記に「既知の休場と一致しない」と明記,True,True,0
EURUSD,15m@v1,2021-11-05T20:00Z,2021-11-05T21:00Z,1.0,2021,SOURCE_DATA,MEDIUM,週の閉場（金 17:00 NY）の 1 時間前。開場中のはずの時間帯,True,True,0
EURUSD,15m@v1,2022-03-18T20:00Z,2022-03-18T21:00Z,1.0,2022,SOURCE_DATA,MEDIUM,週の閉場（金 17:00 NY）の 1 時間前。開場中のはずの時間帯,True,True,0
EURUSD,15m@v1,2022-03-25T20:00Z,2022-03-25T21:00Z,1.0,2022,SOURCE_DATA,MEDIUM,週の閉場（金 17:00 NY）の 1 時間前。開場中のはずの時間帯,True,True,0
EURUSD,15m@v1,2022-03-27T23:00Z,2022-03-28T00:00Z,1.0,2022,SOURCE_DATA,MEDIUM,週の開場（日 17:00 NY）から 3 時間以内。開場中のはずの時間帯,True,True,0
EURUSD,15m@v1,2022-11-04T20:00Z,2022-11-04T21:00Z,1.0,2022,SOURCE_DATA,MEDIUM,週の閉場（金 17:00 NY）の 1 時間前。開場中のはずの時間帯,True,True,0
EURUSD,15m@v1,2023-01-27T11:00Z,2023-01-27T12:00Z,1.0,2023,SOURCE_DATA,MEDIUM,上のパターンに当たらない 4 時間以下の欠落。休場宣言に該当なし,False,True,0
EURUSD,15m@v1,2023-09-25T10:15Z,2023-09-25T11:00Z,0.75,2023,SOURCE_DATA,MEDIUM,上のパターンに当たらない 4 時間以下の欠落。休場宣言に該当なし,True,False,0
EURUSD,15m@v1,2023-11-03T20:00Z,2023-11-03T21:00Z,1.0,2023,SOURCE_DATA,MEDIUM,週の閉場（金 17:00 NY）の 1 時間前。開場中のはずの時間帯,True,True,0
EURUSD,15m@v1,2023-12-24T22:00Z,2023-12-24T23:00Z,1.0,2023,SOURCE_DATA,MEDIUM,週の開場（日 17:00 NY）から 3 時間以内。開場中のはずの時間帯,True,True,0
EURUSD,15m@v1,2023-12-24T23:15Z,2023-12-24T23:30Z,0.25,2023,SOURCE_DATA,MEDIUM,週の開場（日 17:00 NY）から 3 時間以内。開場中のはずの時間帯,False,False,0
EURUSD,1h@v1,2016-12-26T07:00Z,2016-12-26T23:00Z,16.0,2016,CALENDAR_UNDECLARED_OR_PARTLY_SOURCE,LOW,2016 年クリスマス翌日の大きな欠落。2016 年は休場宣言が無い年,False,True,0
EURUSD,1h@v1,2017-01-01T22:00Z,2017-01-02T07:00Z,9.0,2017,CALENDAR,LOW,2017 年元日（日曜）の週の開場（日 17:00 NY）から月 02:00 NY までの 9 時間。fx_ny17 v2 の休場宣言は 2017-12-25 から始まり、2017 年の元日の前後は未宣言。2018 年以降の元日の宣言（前日 17:00〜当日 17:00 NY の 24 時間）とは長さも位置も一致しない,True,True,0
EURUSD,1h@v1,2019-03-15T20:00Z,2019-03-15T21:00Z,1.0,2019,SOURCE_DATA,MEDIUM,週の閉場（金 17:00 NY）の 1 時間前。開場中のはずの時間帯,True,True,0
EURUSD,1h@v1,2019-03-22T20:00Z,2019-03-22T21:00Z,1.0,2019,SOURCE_DATA,MEDIUM,週の閉場（金 17:00 NY）の 1 時間前。開場中のはずの時間帯,True,True,0
EURUSD,1h@v1,2019-03-29T20:00Z,2019-03-29T21:00Z,1.0,2019,SOURCE_DATA,MEDIUM,週の閉場（金 17:00 NY）の 1 時間前。開場中のはずの時間帯,True,True,0
EURUSD,1h@v1,2019-03-31T23:00Z,2019-04-01T00:00Z,1.0,2019,SOURCE_DATA,MEDIUM,週の開場（日 17:00 NY）から 3 時間以内。開場中のはずの時間帯,True,True,0
EURUSD,1h@v1,2019-05-26T21:00Z,2019-05-27T03:00Z,6.0,2019,UNKNOWN,LOW,4 時間を超え、上のパターンに当たらない欠落。個別の確認が要る,False,True,0
EURUSD,1h@v1,2019-05-27T04:00Z,2019-05-27T10:00Z,6.0,2019,UNKNOWN,LOW,4 時間を超え、上のパターンに当たらない欠落。個別の確認が要る,False,True,0
EURUSD,1h@v1,2019-11-01T20:00Z,2019-11-01T21:00Z,1.0,2019,SOURCE_DATA,MEDIUM,週の閉場（金 17:00 NY）の 1 時間前。開場中のはずの時間帯,True,True,0
EURUSD,1h@v1,2019-12-25T08:00Z,2019-12-25T09:00Z,1.0,2019,CALENDAR_ADJACENT_OR_SOURCE,LOW,クリスマスの短縮宣言に時間的に隣接する短い欠落。宣言区間そのものではない,False,True,0
EURUSD,1h@v1,2020-03-13T20:00Z,2020-03-13T21:00Z,1.0,2020,SOURCE_DATA,MEDIUM,週の閉場（金 17:00 NY）の 1 時間前。開場中のはずの時間帯,True,True,0
EURUSD,1h@v1,2020-03-20T20:00Z,2020-03-20T21:00Z,1.0,2020,SOURCE_DATA,MEDIUM,週の閉場（金 17:00 NY）の 1 時間前。開場中のはずの時間帯,True,True,0
EURUSD,1h@v1,2020-03-27T20:00Z,2020-03-27T21:00Z,1.0,2020,SOURCE_DATA,MEDIUM,週の閉場（金 17:00 NY）の 1 時間前。開場中のはずの時間帯,True,True,0
EURUSD,1h@v1,2020-03-29T23:00Z,2020-03-30T00:00Z,1.0,2020,SOURCE_DATA,MEDIUM,週の開場（日 17:00 NY）から 3 時間以内。開場中のはずの時間帯,True,True,0
EURUSD,1h@v1,2020-10-30T20:00Z,2020-10-30T21:00Z,1.0,2020,SOURCE_DATA,MEDIUM,週の閉場（金 17:00 NY）の 1 時間前。開場中のはずの時間帯,True,True,0
EURUSD,1h@v1,2020-11-30T05:00Z,2020-12-01T00:00Z,19.0,2020,SOURCE_DATA_KNOWN,HIGH,2020-11-30 単発の大規模欠損。manifest の分類の注記に「既知の休場と一致しない」と明記,True,True,0
EURUSD,1h@v1,2021-03-19T20:00Z,2021-03-19T21:00Z,1.0,2021,SOURCE_DATA,MEDIUM,週の閉場（金 17:00 NY）の 1 時間前。開場中のはずの時間帯,True,True,0
EURUSD,1h@v1,2021-03-26T20:00Z,2021-03-26T21:00Z,1.0,2021,SOURCE_DATA,MEDIUM,週の閉場（金 17:00 NY）の 1 時間前。開場中のはずの時間帯,True,True,0
EURUSD,1h@v1,2021-03-28T23:00Z,2021-03-29T00:00Z,1.0,2021,SOURCE_DATA,MEDIUM,週の開場（日 17:00 NY）から 3 時間以内。開場中のはずの時間帯,True,True,0
EURUSD,1h@v1,2021-05-31T04:00Z,2021-06-01T00:00Z,20.0,2021,SOURCE_DATA_KNOWN,HIGH,2021-05-31 単発の大規模欠損。manifest の分類の注記に「既知の休場と一致しない」と明記,True,True,0
EURUSD,1h@v1,2021-11-05T20:00Z,2021-11-05T21:00Z,1.0,2021,SOURCE_DATA,MEDIUM,週の閉場（金 17:00 NY）の 1 時間前。開場中のはずの時間帯,True,True,0
EURUSD,1h@v1,2022-03-18T20:00Z,2022-03-18T21:00Z,1.0,2022,SOURCE_DATA,MEDIUM,週の閉場（金 17:00 NY）の 1 時間前。開場中のはずの時間帯,True,True,0
EURUSD,1h@v1,2022-03-25T20:00Z,2022-03-25T21:00Z,1.0,2022,SOURCE_DATA,MEDIUM,週の閉場（金 17:00 NY）の 1 時間前。開場中のはずの時間帯,True,True,0
EURUSD,1h@v1,2022-03-27T23:00Z,2022-03-28T00:00Z,1.0,2022,SOURCE_DATA,MEDIUM,週の開場（日 17:00 NY）から 3 時間以内。開場中のはずの時間帯,True,True,0
EURUSD,1h@v1,2022-11-04T20:00Z,2022-11-04T21:00Z,1.0,2022,SOURCE_DATA,MEDIUM,週の閉場（金 17:00 NY）の 1 時間前。開場中のはずの時間帯,True,True,0
EURUSD,1h@v1,2023-01-27T11:00Z,2023-01-27T12:00Z,1.0,2023,SOURCE_DATA,MEDIUM,上のパターンに当たらない 4 時間以下の欠落。休場宣言に該当なし,False,True,0
EURUSD,1h@v1,2023-11-03T20:00Z,2023-11-03T21:00Z,1.0,2023,SOURCE_DATA,MEDIUM,週の閉場（金 17:00 NY）の 1 時間前。開場中のはずの時間帯,True,True,0
EURUSD,1h@v1,2023-12-24T22:00Z,2023-12-24T23:00Z,1.0,2023,SOURCE_DATA,MEDIUM,週の開場（日 17:00 NY）から 3 時間以内。開場中のはずの時間帯,True,True,0
GBPJPY,15m@v1,2016-12-25T22:00Z,2016-12-25T22:30Z,0.5,2016,SOURCE_DATA,MEDIUM,週の開場（日 17:00 NY）から 3 時間以内。開場中のはずの時間帯,False,False,0
GBPJPY,15m@v1,2016-12-26T07:00Z,2016-12-26T23:00Z,16.0,2016,CALENDAR_UNDECLARED_OR_PARTLY_SOURCE,LOW,2016 年クリスマス翌日の大きな欠落。2016 年は休場宣言が無い年,False,True,0
GBPJPY,15m@v1,2017-01-01T22:00Z,2017-01-02T07:00Z,9.0,2017,CALENDAR,LOW,2017 年元日（日曜）の週の開場（日 17:00 NY）から月 02:00 NY までの 9 時間。fx_ny17 v2 の休場宣言は 2017-12-25 から始まり、2017 年の元日の前後は未宣言。2018 年以降の元日の宣言（前日 17:00〜当日 17:00 NY の 24 時間）とは長さも位置も一致しない,True,True,0
GBPJPY,15m@v1,2018-12-24T22:45Z,2018-12-24T23:00Z,0.25,2018,CALENDAR_ADJACENT_OR_SOURCE,LOW,クリスマスの短縮宣言に時間的に隣接する短い欠落。宣言区間そのものではない,False,False,0
GBPJPY,15m@v1,2019-03-15T20:00Z,2019-03-15T21:00Z,1.0,2019,SOURCE_DATA,MEDIUM,週の閉場（金 17:00 NY）の 1 時間前。開場中のはずの時間帯,True,True,0
GBPJPY,15m@v1,2019-03-22T20:00Z,2019-03-22T21:00Z,1.0,2019,SOURCE_DATA,MEDIUM,週の閉場（金 17:00 NY）の 1 時間前。開場中のはずの時間帯,True,True,0
GBPJPY,15m@v1,2019-03-29T20:00Z,2019-03-29T21:00Z,1.0,2019,SOURCE_DATA,MEDIUM,週の閉場（金 17:00 NY）の 1 時間前。開場中のはずの時間帯,True,True,0
GBPJPY,15m@v1,2019-03-31T23:00Z,2019-04-01T00:00Z,1.0,2019,SOURCE_DATA,MEDIUM,週の開場（日 17:00 NY）から 3 時間以内。開場中のはずの時間帯,True,True,0
GBPJPY,15m@v1,2019-05-26T21:00Z,2019-05-27T05:00Z,8.0,2019,UNKNOWN,LOW,4 時間を超え、上のパターンに当たらない欠落。個別の確認が要る,False,True,0
GBPJPY,15m@v1,2019-05-27T06:00Z,2019-05-27T10:00Z,4.0,2019,SOURCE_DATA,MEDIUM,上のパターンに当たらない 4 時間以下の欠落。休場宣言に該当なし,False,True,0
GBPJPY,15m@v1,2019-11-01T20:00Z,2019-11-01T21:00Z,1.0,2019,SOURCE_DATA,MEDIUM,週の閉場（金 17:00 NY）の 1 時間前。開場中のはずの時間帯,True,True,0
GBPJPY,15m@v1,2019-12-24T22:00Z,2019-12-24T22:45Z,0.75,2019,CALENDAR_ADJACENT_OR_SOURCE,LOW,クリスマスの短縮宣言に時間的に隣接する短い欠落。宣言区間そのものではない,True,False,0
GBPJPY,15m@v1,2019-12-25T08:00Z,2019-12-25T09:00Z,1.0,2019,CALENDAR_ADJACENT_OR_SOURCE,LOW,クリスマスの短縮宣言に時間的に隣接する短い欠落。宣言区間そのものではない,False,True,0
GBPJPY,15m@v1,2020-03-13T20:00Z,2020-03-13T21:00Z,1.0,2020,SOURCE_DATA,MEDIUM,週の閉場（金 17:00 NY）の 1 時間前。開場中のはずの時間帯,True,True,0
GBPJPY,15m@v1,2020-03-20T20:00Z,2020-03-20T21:00Z,1.0,2020,SOURCE_DATA,MEDIUM,週の閉場（金 17:00 NY）の 1 時間前。開場中のはずの時間帯,True,True,0
GBPJPY,15m@v1,2020-03-27T20:00Z,2020-03-27T21:00Z,1.0,2020,SOURCE_DATA,MEDIUM,週の閉場（金 17:00 NY）の 1 時間前。開場中のはずの時間帯,True,True,0
GBPJPY,15m@v1,2020-03-29T23:00Z,2020-03-30T00:00Z,1.0,2020,SOURCE_DATA,MEDIUM,週の開場（日 17:00 NY）から 3 時間以内。開場中のはずの時間帯,True,True,0
GBPJPY,15m@v1,2020-10-30T20:00Z,2020-10-30T21:00Z,1.0,2020,SOURCE_DATA,MEDIUM,週の閉場（金 17:00 NY）の 1 時間前。開場中のはずの時間帯,True,True,0
GBPJPY,15m@v1,2020-11-30T05:00Z,2020-12-01T00:00Z,19.0,2020,SOURCE_DATA_KNOWN,HIGH,2020-11-30 単発の大規模欠損。manifest の分類の注記に「既知の休場と一致しない」と明記,True,True,0
GBPJPY,15m@v1,2020-12-25T07:00Z,2020-12-25T07:15Z,0.25,2020,CALENDAR_ADJACENT_OR_SOURCE,LOW,クリスマスの短縮宣言に時間的に隣接する短い欠落。宣言区間そのものではない,False,False,0
GBPJPY,15m@v1,2020-12-25T07:30Z,2020-12-25T08:00Z,0.5,2020,CALENDAR_ADJACENT_OR_SOURCE,LOW,クリスマスの短縮宣言に時間的に隣接する短い欠落。宣言区間そのものではない,False,False,0
GBPJPY,15m@v1,2021-03-19T20:00Z,2021-03-19T21:00Z,1.0,2021,SOURCE_DATA,MEDIUM,週の閉場（金 17:00 NY）の 1 時間前。開場中のはずの時間帯,True,True,0
GBPJPY,15m@v1,2021-03-26T20:00Z,2021-03-26T21:00Z,1.0,2021,SOURCE_DATA,MEDIUM,週の閉場（金 17:00 NY）の 1 時間前。開場中のはずの時間帯,True,True,0
GBPJPY,15m@v1,2021-03-28T23:00Z,2021-03-29T00:00Z,1.0,2021,SOURCE_DATA,MEDIUM,週の開場（日 17:00 NY）から 3 時間以内。開場中のはずの時間帯,True,True,0
GBPJPY,15m@v1,2021-05-31T04:00Z,2021-06-01T00:00Z,20.0,2021,SOURCE_DATA_KNOWN,HIGH,2021-05-31 単発の大規模欠損。manifest の分類の注記に「既知の休場と一致しない」と明記,True,True,0
GBPJPY,15m@v1,2021-11-05T20:00Z,2021-11-05T21:00Z,1.0,2021,SOURCE_DATA,MEDIUM,週の閉場（金 17:00 NY）の 1 時間前。開場中のはずの時間帯,True,True,0
GBPJPY,15m@v1,2021-12-05T22:00Z,2021-12-05T22:30Z,0.5,2021,SOURCE_DATA,MEDIUM,週の開場（日 17:00 NY）から 3 時間以内。開場中のはずの時間帯,False,False,0
GBPJPY,15m@v1,2022-01-02T22:00Z,2022-01-02T22:15Z,0.25,2022,SOURCE_DATA,MEDIUM,週の開場（日 17:00 NY）から 3 時間以内。開場中のはずの時間帯,False,False,0
GBPJPY,15m@v1,2022-03-18T20:00Z,2022-03-18T21:00Z,1.0,2022,SOURCE_DATA,MEDIUM,週の閉場（金 17:00 NY）の 1 時間前。開場中のはずの時間帯,True,True,0
GBPJPY,15m@v1,2022-03-25T20:00Z,2022-03-25T21:00Z,1.0,2022,SOURCE_DATA,MEDIUM,週の閉場（金 17:00 NY）の 1 時間前。開場中のはずの時間帯,True,True,0
GBPJPY,15m@v1,2022-03-27T23:00Z,2022-03-28T00:00Z,1.0,2022,SOURCE_DATA,MEDIUM,週の開場（日 17:00 NY）から 3 時間以内。開場中のはずの時間帯,True,True,0
GBPJPY,15m@v1,2022-06-20T21:00Z,2022-06-20T21:15Z,0.25,2022,SOURCE_DATA,MEDIUM,上のパターンに当たらない 4 時間以下の欠落。休場宣言に該当なし,False,False,0
GBPJPY,15m@v1,2022-06-26T21:00Z,2022-06-26T21:30Z,0.5,2022,SOURCE_DATA,MEDIUM,週の開場（日 17:00 NY）から 3 時間以内。開場中のはずの時間帯,False,False,0
GBPJPY,15m@v1,2022-07-19T02:00Z,2022-07-19T03:00Z,1.0,2022,SOURCE_DATA,MEDIUM,上のパターンに当たらない 4 時間以下の欠落。休場宣言に該当なし,False,True,0
GBPJPY,15m@v1,2022-07-19T11:00Z,2022-07-19T12:00Z,1.0,2022,SOURCE_DATA,MEDIUM,上のパターンに当たらない 4 時間以下の欠落。休場宣言に該当なし,False,True,0
GBPJPY,15m@v1,2022-08-08T21:00Z,2022-08-08T21:15Z,0.25,2022,SOURCE_DATA,MEDIUM,上のパターンに当たらない 4 時間以下の欠落。休場宣言に該当なし,False,False,0
GBPJPY,15m@v1,2022-08-14T21:00Z,2022-08-14T21:15Z,0.25,2022,SOURCE_DATA,MEDIUM,週の開場（日 17:00 NY）から 3 時間以内。開場中のはずの時間帯,False,False,0
GBPJPY,15m@v1,2022-10-02T21:00Z,2022-10-02T21:15Z,0.25,2022,SOURCE_DATA,MEDIUM,週の開場（日 17:00 NY）から 3 時間以内。開場中のはずの時間帯,False,False,0
GBPJPY,15m@v1,2022-11-04T20:00Z,2022-11-04T21:00Z,1.0,2022,SOURCE_DATA,MEDIUM,週の閉場（金 17:00 NY）の 1 時間前。開場中のはずの時間帯,True,True,0
GBPJPY,15m@v1,2022-12-04T22:00Z,2022-12-04T22:15Z,0.25,2022,SOURCE_DATA,MEDIUM,週の開場（日 17:00 NY）から 3 時間以内。開場中のはずの時間帯,False,False,0
GBPJPY,15m@v1,2022-12-25T22:15Z,2022-12-25T22:45Z,0.5,2022,SOURCE_DATA,MEDIUM,週の開場（日 17:00 NY）から 3 時間以内。開場中のはずの時間帯,False,False,0
GBPJPY,15m@v1,2022-12-27T22:00Z,2022-12-27T22:15Z,0.25,2022,SOURCE_DATA,MEDIUM,上のパターンに当たらない 4 時間以下の欠落。休場宣言に該当なし,False,False,0
GBPJPY,15m@v1,2023-01-01T22:00Z,2023-01-01T23:30Z,1.5,2023,SOURCE_DATA,MEDIUM,週の開場（日 17:00 NY）から 3 時間以内。開場中のはずの時間帯,False,True,0
GBPJPY,15m@v1,2023-09-24T21:00Z,2023-09-24T21:15Z,0.25,2023,SOURCE_DATA,MEDIUM,週の開場（日 17:00 NY）から 3 時間以内。開場中のはずの時間帯,False,False,0
GBPJPY,15m@v1,2023-09-25T10:15Z,2023-09-25T11:00Z,0.75,2023,SOURCE_DATA,MEDIUM,上のパターンに当たらない 4 時間以下の欠落。休場宣言に該当なし,True,False,0
GBPJPY,15m@v1,2023-11-03T20:00Z,2023-11-03T21:00Z,1.0,2023,SOURCE_DATA,MEDIUM,週の閉場（金 17:00 NY）の 1 時間前。開場中のはずの時間帯,True,True,0
GBPJPY,15m@v1,2023-12-24T22:00Z,2023-12-25T00:45Z,2.75,2023,SOURCE_DATA,MEDIUM,週の開場（日 17:00 NY）から 3 時間以内。開場中のはずの時間帯,False,True,0
GBPJPY,15m@v1,2023-12-25T07:30Z,2023-12-25T07:45Z,0.25,2023,CALENDAR_ADJACENT_OR_SOURCE,LOW,クリスマスの短縮宣言に時間的に隣接する短い欠落。宣言区間そのものではない,False,False,0
GBPJPY,1h@v1,2016-12-26T07:00Z,2016-12-26T23:00Z,16.0,2016,CALENDAR_UNDECLARED_OR_PARTLY_SOURCE,LOW,2016 年クリスマス翌日の大きな欠落。2016 年は休場宣言が無い年,False,True,0
GBPJPY,1h@v1,2017-01-01T22:00Z,2017-01-02T07:00Z,9.0,2017,CALENDAR,LOW,2017 年元日（日曜）の週の開場（日 17:00 NY）から月 02:00 NY までの 9 時間。fx_ny17 v2 の休場宣言は 2017-12-25 から始まり、2017 年の元日の前後は未宣言。2018 年以降の元日の宣言（前日 17:00〜当日 17:00 NY の 24 時間）とは長さも位置も一致しない,True,True,0
GBPJPY,1h@v1,2019-03-15T20:00Z,2019-03-15T21:00Z,1.0,2019,SOURCE_DATA,MEDIUM,週の閉場（金 17:00 NY）の 1 時間前。開場中のはずの時間帯,True,True,0
GBPJPY,1h@v1,2019-03-22T20:00Z,2019-03-22T21:00Z,1.0,2019,SOURCE_DATA,MEDIUM,週の閉場（金 17:00 NY）の 1 時間前。開場中のはずの時間帯,True,True,0
GBPJPY,1h@v1,2019-03-29T20:00Z,2019-03-29T21:00Z,1.0,2019,SOURCE_DATA,MEDIUM,週の閉場（金 17:00 NY）の 1 時間前。開場中のはずの時間帯,True,True,0
GBPJPY,1h@v1,2019-03-31T23:00Z,2019-04-01T00:00Z,1.0,2019,SOURCE_DATA,MEDIUM,週の開場（日 17:00 NY）から 3 時間以内。開場中のはずの時間帯,True,True,0
GBPJPY,1h@v1,2019-05-26T21:00Z,2019-05-27T05:00Z,8.0,2019,UNKNOWN,LOW,4 時間を超え、上のパターンに当たらない欠落。個別の確認が要る,False,True,0
GBPJPY,1h@v1,2019-05-27T06:00Z,2019-05-27T10:00Z,4.0,2019,SOURCE_DATA,MEDIUM,上のパターンに当たらない 4 時間以下の欠落。休場宣言に該当なし,False,True,0
GBPJPY,1h@v1,2019-11-01T20:00Z,2019-11-01T21:00Z,1.0,2019,SOURCE_DATA,MEDIUM,週の閉場（金 17:00 NY）の 1 時間前。開場中のはずの時間帯,True,True,0
GBPJPY,1h@v1,2019-12-25T08:00Z,2019-12-25T09:00Z,1.0,2019,CALENDAR_ADJACENT_OR_SOURCE,LOW,クリスマスの短縮宣言に時間的に隣接する短い欠落。宣言区間そのものではない,False,True,0
GBPJPY,1h@v1,2020-03-13T20:00Z,2020-03-13T21:00Z,1.0,2020,SOURCE_DATA,MEDIUM,週の閉場（金 17:00 NY）の 1 時間前。開場中のはずの時間帯,True,True,0
GBPJPY,1h@v1,2020-03-20T20:00Z,2020-03-20T21:00Z,1.0,2020,SOURCE_DATA,MEDIUM,週の閉場（金 17:00 NY）の 1 時間前。開場中のはずの時間帯,True,True,0
GBPJPY,1h@v1,2020-03-27T20:00Z,2020-03-27T21:00Z,1.0,2020,SOURCE_DATA,MEDIUM,週の閉場（金 17:00 NY）の 1 時間前。開場中のはずの時間帯,True,True,0
GBPJPY,1h@v1,2020-03-29T23:00Z,2020-03-30T00:00Z,1.0,2020,SOURCE_DATA,MEDIUM,週の開場（日 17:00 NY）から 3 時間以内。開場中のはずの時間帯,True,True,0
GBPJPY,1h@v1,2020-10-30T20:00Z,2020-10-30T21:00Z,1.0,2020,SOURCE_DATA,MEDIUM,週の閉場（金 17:00 NY）の 1 時間前。開場中のはずの時間帯,True,True,0
GBPJPY,1h@v1,2020-11-30T05:00Z,2020-12-01T00:00Z,19.0,2020,SOURCE_DATA_KNOWN,HIGH,2020-11-30 単発の大規模欠損。manifest の分類の注記に「既知の休場と一致しない」と明記,True,True,0
GBPJPY,1h@v1,2021-03-19T20:00Z,2021-03-19T21:00Z,1.0,2021,SOURCE_DATA,MEDIUM,週の閉場（金 17:00 NY）の 1 時間前。開場中のはずの時間帯,True,True,0
GBPJPY,1h@v1,2021-03-26T20:00Z,2021-03-26T21:00Z,1.0,2021,SOURCE_DATA,MEDIUM,週の閉場（金 17:00 NY）の 1 時間前。開場中のはずの時間帯,True,True,0
GBPJPY,1h@v1,2021-03-28T23:00Z,2021-03-29T00:00Z,1.0,2021,SOURCE_DATA,MEDIUM,週の開場（日 17:00 NY）から 3 時間以内。開場中のはずの時間帯,True,True,0
GBPJPY,1h@v1,2021-05-31T04:00Z,2021-06-01T00:00Z,20.0,2021,SOURCE_DATA_KNOWN,HIGH,2021-05-31 単発の大規模欠損。manifest の分類の注記に「既知の休場と一致しない」と明記,True,True,0
GBPJPY,1h@v1,2021-11-05T20:00Z,2021-11-05T21:00Z,1.0,2021,SOURCE_DATA,MEDIUM,週の閉場（金 17:00 NY）の 1 時間前。開場中のはずの時間帯,True,True,0
GBPJPY,1h@v1,2022-03-18T20:00Z,2022-03-18T21:00Z,1.0,2022,SOURCE_DATA,MEDIUM,週の閉場（金 17:00 NY）の 1 時間前。開場中のはずの時間帯,True,True,0
GBPJPY,1h@v1,2022-03-25T20:00Z,2022-03-25T21:00Z,1.0,2022,SOURCE_DATA,MEDIUM,週の閉場（金 17:00 NY）の 1 時間前。開場中のはずの時間帯,True,True,0
GBPJPY,1h@v1,2022-03-27T23:00Z,2022-03-28T00:00Z,1.0,2022,SOURCE_DATA,MEDIUM,週の開場（日 17:00 NY）から 3 時間以内。開場中のはずの時間帯,True,True,0
GBPJPY,1h@v1,2022-07-19T02:00Z,2022-07-19T03:00Z,1.0,2022,SOURCE_DATA,MEDIUM,上のパターンに当たらない 4 時間以下の欠落。休場宣言に該当なし,False,True,0
GBPJPY,1h@v1,2022-07-19T11:00Z,2022-07-19T12:00Z,1.0,2022,SOURCE_DATA,MEDIUM,上のパターンに当たらない 4 時間以下の欠落。休場宣言に該当なし,False,True,0
GBPJPY,1h@v1,2022-11-04T20:00Z,2022-11-04T21:00Z,1.0,2022,SOURCE_DATA,MEDIUM,週の閉場（金 17:00 NY）の 1 時間前。開場中のはずの時間帯,True,True,0
GBPJPY,1h@v1,2023-01-01T22:00Z,2023-01-01T23:00Z,1.0,2023,SOURCE_DATA,MEDIUM,週の開場（日 17:00 NY）から 3 時間以内。開場中のはずの時間帯,False,True,0
GBPJPY,1h@v1,2023-11-03T20:00Z,2023-11-03T21:00Z,1.0,2023,SOURCE_DATA,MEDIUM,週の閉場（金 17:00 NY）の 1 時間前。開場中のはずの時間帯,True,True,0
GBPJPY,1h@v1,2023-12-24T22:00Z,2023-12-25T00:00Z,2.0,2023,SOURCE_DATA,MEDIUM,週の開場（日 17:00 NY）から 3 時間以内。開場中のはずの時間帯,False,True,0
GBPUSD,15m@v1,2016-12-25T22:15Z,2016-12-25T22:30Z,0.25,2016,SOURCE_DATA,MEDIUM,週の開場（日 17:00 NY）から 3 時間以内。開場中のはずの時間帯,True,False,0
GBPUSD,15m@v1,2016-12-26T07:00Z,2016-12-26T23:00Z,16.0,2016,CALENDAR_UNDECLARED_OR_PARTLY_SOURCE,LOW,2016 年クリスマス翌日の大きな欠落。2016 年は休場宣言が無い年,False,True,0
GBPUSD,15m@v1,2017-01-01T22:00Z,2017-01-02T07:00Z,9.0,2017,CALENDAR,LOW,2017 年元日（日曜）の週の開場（日 17:00 NY）から月 02:00 NY までの 9 時間。fx_ny17 v2 の休場宣言は 2017-12-25 から始まり、2017 年の元日の前後は未宣言。2018 年以降の元日の宣言（前日 17:00〜当日 17:00 NY の 24 時間）とは長さも位置も一致しない,True,True,0
GBPUSD,15m@v1,2017-08-13T21:15Z,2017-08-13T21:30Z,0.25,2017,SOURCE_DATA,MEDIUM,週の開場（日 17:00 NY）から 3 時間以内。開場中のはずの時間帯,False,False,0
GBPUSD,15m@v1,2018-12-24T22:45Z,2018-12-24T23:15Z,0.5,2018,CALENDAR_ADJACENT_OR_SOURCE,LOW,クリスマスの短縮宣言に時間的に隣接する短い欠落。宣言区間そのものではない,False,False,0
GBPUSD,15m@v1,2019-03-15T20:00Z,2019-03-15T21:00Z,1.0,2019,SOURCE_DATA,MEDIUM,週の閉場（金 17:00 NY）の 1 時間前。開場中のはずの時間帯,True,True,0
GBPUSD,15m@v1,2019-03-22T20:00Z,2019-03-22T21:00Z,1.0,2019,SOURCE_DATA,MEDIUM,週の閉場（金 17:00 NY）の 1 時間前。開場中のはずの時間帯,True,True,0
GBPUSD,15m@v1,2019-03-29T20:00Z,2019-03-29T21:00Z,1.0,2019,SOURCE_DATA,MEDIUM,週の閉場（金 17:00 NY）の 1 時間前。開場中のはずの時間帯,True,True,0
GBPUSD,15m@v1,2019-03-31T23:00Z,2019-04-01T00:00Z,1.0,2019,SOURCE_DATA,MEDIUM,週の開場（日 17:00 NY）から 3 時間以内。開場中のはずの時間帯,True,True,0
GBPUSD,15m@v1,2019-05-26T21:00Z,2019-05-27T04:00Z,7.0,2019,UNKNOWN,LOW,4 時間を超え、上のパターンに当たらない欠落。個別の確認が要る,False,True,0
GBPUSD,15m@v1,2019-05-27T05:00Z,2019-05-27T10:00Z,5.0,2019,UNKNOWN,LOW,4 時間を超え、上のパターンに当たらない欠落。個別の確認が要る,False,True,0
GBPUSD,15m@v1,2019-11-01T20:00Z,2019-11-01T21:00Z,1.0,2019,SOURCE_DATA,MEDIUM,週の閉場（金 17:00 NY）の 1 時間前。開場中のはずの時間帯,True,True,0
GBPUSD,15m@v1,2019-12-24T22:00Z,2019-12-24T22:45Z,0.75,2019,CALENDAR_ADJACENT_OR_SOURCE,LOW,クリスマスの短縮宣言に時間的に隣接する短い欠落。宣言区間そのものではない,True,False,0
GBPUSD,15m@v1,2019-12-25T08:00Z,2019-12-25T09:00Z,1.0,2019,CALENDAR_ADJACENT_OR_SOURCE,LOW,クリスマスの短縮宣言に時間的に隣接する短い欠落。宣言区間そのものではない,False,True,0
GBPUSD,15m@v1,2020-03-13T20:00Z,2020-03-13T21:00Z,1.0,2020,SOURCE_DATA,MEDIUM,週の閉場（金 17:00 NY）の 1 時間前。開場中のはずの時間帯,True,True,0
GBPUSD,15m@v1,2020-03-20T20:00Z,2020-03-20T21:00Z,1.0,2020,SOURCE_DATA,MEDIUM,週の閉場（金 17:00 NY）の 1 時間前。開場中のはずの時間帯,True,True,0
GBPUSD,15m@v1,2020-03-27T20:00Z,2020-03-27T21:00Z,1.0,2020,SOURCE_DATA,MEDIUM,週の閉場（金 17:00 NY）の 1 時間前。開場中のはずの時間帯,True,True,0
GBPUSD,15m@v1,2020-03-29T23:00Z,2020-03-30T00:00Z,1.0,2020,SOURCE_DATA,MEDIUM,週の開場（日 17:00 NY）から 3 時間以内。開場中のはずの時間帯,True,True,0
GBPUSD,15m@v1,2020-07-12T21:00Z,2020-07-12T21:15Z,0.25,2020,SOURCE_DATA,MEDIUM,週の開場（日 17:00 NY）から 3 時間以内。開場中のはずの時間帯,False,False,0
GBPUSD,15m@v1,2020-10-30T20:00Z,2020-10-30T21:00Z,1.0,2020,SOURCE_DATA,MEDIUM,週の閉場（金 17:00 NY）の 1 時間前。開場中のはずの時間帯,True,True,0
GBPUSD,15m@v1,2020-11-30T05:00Z,2020-12-01T00:00Z,19.0,2020,SOURCE_DATA_KNOWN,HIGH,2020-11-30 単発の大規模欠損。manifest の分類の注記に「既知の休場と一致しない」と明記,True,True,0
GBPUSD,15m@v1,2020-12-25T07:00Z,2020-12-25T08:00Z,1.0,2020,CALENDAR_ADJACENT_OR_SOURCE,LOW,クリスマスの短縮宣言に時間的に隣接する短い欠落。宣言区間そのものではない,False,True,0
GBPUSD,15m@v1,2021-03-19T20:00Z,2021-03-19T21:00Z,1.0,2021,SOURCE_DATA,MEDIUM,週の閉場（金 17:00 NY）の 1 時間前。開場中のはずの時間帯,True,True,0
GBPUSD,15m@v1,2021-03-26T20:00Z,2021-03-26T21:00Z,1.0,2021,SOURCE_DATA,MEDIUM,週の閉場（金 17:00 NY）の 1 時間前。開場中のはずの時間帯,True,True,0
GBPUSD,15m@v1,2021-03-28T23:00Z,2021-03-29T00:00Z,1.0,2021,SOURCE_DATA,MEDIUM,週の開場（日 17:00 NY）から 3 時間以内。開場中のはずの時間帯,True,True,0
GBPUSD,15m@v1,2021-05-31T04:00Z,2021-06-01T00:00Z,20.0,2021,SOURCE_DATA_KNOWN,HIGH,2021-05-31 単発の大規模欠損。manifest の分類の注記に「既知の休場と一致しない」と明記,True,True,0
GBPUSD,15m@v1,2021-11-05T20:00Z,2021-11-05T21:00Z,1.0,2021,SOURCE_DATA,MEDIUM,週の閉場（金 17:00 NY）の 1 時間前。開場中のはずの時間帯,True,True,0
GBPUSD,15m@v1,2022-03-18T20:00Z,2022-03-18T21:00Z,1.0,2022,SOURCE_DATA,MEDIUM,週の閉場（金 17:00 NY）の 1 時間前。開場中のはずの時間帯,True,True,0
GBPUSD,15m@v1,2022-03-25T20:00Z,2022-03-25T21:00Z,1.0,2022,SOURCE_DATA,MEDIUM,週の閉場（金 17:00 NY）の 1 時間前。開場中のはずの時間帯,True,True,0
GBPUSD,15m@v1,2022-03-27T23:00Z,2022-03-28T00:00Z,1.0,2022,SOURCE_DATA,MEDIUM,週の開場（日 17:00 NY）から 3 時間以内。開場中のはずの時間帯,True,True,0
GBPUSD,15m@v1,2022-08-14T21:00Z,2022-08-14T21:15Z,0.25,2022,SOURCE_DATA,MEDIUM,週の開場（日 17:00 NY）から 3 時間以内。開場中のはずの時間帯,False,False,0
GBPUSD,15m@v1,2022-11-04T20:00Z,2022-11-04T21:00Z,1.0,2022,SOURCE_DATA,MEDIUM,週の閉場（金 17:00 NY）の 1 時間前。開場中のはずの時間帯,True,True,0
GBPUSD,15m@v1,2022-12-13T09:00Z,2022-12-13T10:00Z,1.0,2022,SOURCE_DATA,MEDIUM,上のパターンに当たらない 4 時間以下の欠落。休場宣言に該当なし,False,True,0
GBPUSD,15m@v1,2022-12-13T15:00Z,2022-12-13T16:00Z,1.0,2022,SOURCE_DATA,MEDIUM,上のパターンに当たらない 4 時間以下の欠落。休場宣言に該当なし,False,True,0
GBPUSD,15m@v1,2023-01-01T22:00Z,2023-01-01T23:00Z,1.0,2023,SOURCE_DATA,MEDIUM,週の開場（日 17:00 NY）から 3 時間以内。開場中のはずの時間帯,False,True,0
GBPUSD,15m@v1,2023-09-25T10:15Z,2023-09-25T11:00Z,0.75,2023,SOURCE_DATA,MEDIUM,上のパターンに当たらない 4 時間以下の欠落。休場宣言に該当なし,True,False,0
GBPUSD,15m@v1,2023-11-03T20:00Z,2023-11-03T21:00Z,1.0,2023,SOURCE_DATA,MEDIUM,週の閉場（金 17:00 NY）の 1 時間前。開場中のはずの時間帯,True,True,0
GBPUSD,15m@v1,2023-12-24T22:00Z,2023-12-25T00:15Z,2.25,2023,SOURCE_DATA,MEDIUM,週の開場（日 17:00 NY）から 3 時間以内。開場中のはずの時間帯,False,True,0
GBPUSD,1h@v1,2016-12-26T07:00Z,2016-12-26T23:00Z,16.0,2016,CALENDAR_UNDECLARED_OR_PARTLY_SOURCE,LOW,2016 年クリスマス翌日の大きな欠落。2016 年は休場宣言が無い年,False,True,0
GBPUSD,1h@v1,2017-01-01T22:00Z,2017-01-02T07:00Z,9.0,2017,CALENDAR,LOW,2017 年元日（日曜）の週の開場（日 17:00 NY）から月 02:00 NY までの 9 時間。fx_ny17 v2 の休場宣言は 2017-12-25 から始まり、2017 年の元日の前後は未宣言。2018 年以降の元日の宣言（前日 17:00〜当日 17:00 NY の 24 時間）とは長さも位置も一致しない,True,True,0
GBPUSD,1h@v1,2019-03-15T20:00Z,2019-03-15T21:00Z,1.0,2019,SOURCE_DATA,MEDIUM,週の閉場（金 17:00 NY）の 1 時間前。開場中のはずの時間帯,True,True,0
GBPUSD,1h@v1,2019-03-22T20:00Z,2019-03-22T21:00Z,1.0,2019,SOURCE_DATA,MEDIUM,週の閉場（金 17:00 NY）の 1 時間前。開場中のはずの時間帯,True,True,0
GBPUSD,1h@v1,2019-03-29T20:00Z,2019-03-29T21:00Z,1.0,2019,SOURCE_DATA,MEDIUM,週の閉場（金 17:00 NY）の 1 時間前。開場中のはずの時間帯,True,True,0
GBPUSD,1h@v1,2019-03-31T23:00Z,2019-04-01T00:00Z,1.0,2019,SOURCE_DATA,MEDIUM,週の開場（日 17:00 NY）から 3 時間以内。開場中のはずの時間帯,True,True,0
GBPUSD,1h@v1,2019-05-26T21:00Z,2019-05-27T04:00Z,7.0,2019,UNKNOWN,LOW,4 時間を超え、上のパターンに当たらない欠落。個別の確認が要る,False,True,0
GBPUSD,1h@v1,2019-05-27T05:00Z,2019-05-27T10:00Z,5.0,2019,UNKNOWN,LOW,4 時間を超え、上のパターンに当たらない欠落。個別の確認が要る,False,True,0
GBPUSD,1h@v1,2019-11-01T20:00Z,2019-11-01T21:00Z,1.0,2019,SOURCE_DATA,MEDIUM,週の閉場（金 17:00 NY）の 1 時間前。開場中のはずの時間帯,True,True,0
GBPUSD,1h@v1,2019-12-25T08:00Z,2019-12-25T09:00Z,1.0,2019,CALENDAR_ADJACENT_OR_SOURCE,LOW,クリスマスの短縮宣言に時間的に隣接する短い欠落。宣言区間そのものではない,False,True,0
GBPUSD,1h@v1,2020-03-13T20:00Z,2020-03-13T21:00Z,1.0,2020,SOURCE_DATA,MEDIUM,週の閉場（金 17:00 NY）の 1 時間前。開場中のはずの時間帯,True,True,0
GBPUSD,1h@v1,2020-03-20T20:00Z,2020-03-20T21:00Z,1.0,2020,SOURCE_DATA,MEDIUM,週の閉場（金 17:00 NY）の 1 時間前。開場中のはずの時間帯,True,True,0
GBPUSD,1h@v1,2020-03-27T20:00Z,2020-03-27T21:00Z,1.0,2020,SOURCE_DATA,MEDIUM,週の閉場（金 17:00 NY）の 1 時間前。開場中のはずの時間帯,True,True,0
GBPUSD,1h@v1,2020-03-29T23:00Z,2020-03-30T00:00Z,1.0,2020,SOURCE_DATA,MEDIUM,週の開場（日 17:00 NY）から 3 時間以内。開場中のはずの時間帯,True,True,0
GBPUSD,1h@v1,2020-10-30T20:00Z,2020-10-30T21:00Z,1.0,2020,SOURCE_DATA,MEDIUM,週の閉場（金 17:00 NY）の 1 時間前。開場中のはずの時間帯,True,True,0
GBPUSD,1h@v1,2020-11-30T05:00Z,2020-12-01T00:00Z,19.0,2020,SOURCE_DATA_KNOWN,HIGH,2020-11-30 単発の大規模欠損。manifest の分類の注記に「既知の休場と一致しない」と明記,True,True,0
GBPUSD,1h@v1,2020-12-25T07:00Z,2020-12-25T08:00Z,1.0,2020,CALENDAR_ADJACENT_OR_SOURCE,LOW,クリスマスの短縮宣言に時間的に隣接する短い欠落。宣言区間そのものではない,False,True,0
GBPUSD,1h@v1,2021-03-19T20:00Z,2021-03-19T21:00Z,1.0,2021,SOURCE_DATA,MEDIUM,週の閉場（金 17:00 NY）の 1 時間前。開場中のはずの時間帯,True,True,0
GBPUSD,1h@v1,2021-03-26T20:00Z,2021-03-26T21:00Z,1.0,2021,SOURCE_DATA,MEDIUM,週の閉場（金 17:00 NY）の 1 時間前。開場中のはずの時間帯,True,True,0
GBPUSD,1h@v1,2021-03-28T23:00Z,2021-03-29T00:00Z,1.0,2021,SOURCE_DATA,MEDIUM,週の開場（日 17:00 NY）から 3 時間以内。開場中のはずの時間帯,True,True,0
GBPUSD,1h@v1,2021-05-31T04:00Z,2021-06-01T00:00Z,20.0,2021,SOURCE_DATA_KNOWN,HIGH,2021-05-31 単発の大規模欠損。manifest の分類の注記に「既知の休場と一致しない」と明記,True,True,0
GBPUSD,1h@v1,2021-11-05T20:00Z,2021-11-05T21:00Z,1.0,2021,SOURCE_DATA,MEDIUM,週の閉場（金 17:00 NY）の 1 時間前。開場中のはずの時間帯,True,True,0
GBPUSD,1h@v1,2022-03-18T20:00Z,2022-03-18T21:00Z,1.0,2022,SOURCE_DATA,MEDIUM,週の閉場（金 17:00 NY）の 1 時間前。開場中のはずの時間帯,True,True,0
GBPUSD,1h@v1,2022-03-25T20:00Z,2022-03-25T21:00Z,1.0,2022,SOURCE_DATA,MEDIUM,週の閉場（金 17:00 NY）の 1 時間前。開場中のはずの時間帯,True,True,0
GBPUSD,1h@v1,2022-03-27T23:00Z,2022-03-28T00:00Z,1.0,2022,SOURCE_DATA,MEDIUM,週の開場（日 17:00 NY）から 3 時間以内。開場中のはずの時間帯,True,True,0
GBPUSD,1h@v1,2022-11-04T20:00Z,2022-11-04T21:00Z,1.0,2022,SOURCE_DATA,MEDIUM,週の閉場（金 17:00 NY）の 1 時間前。開場中のはずの時間帯,True,True,0
GBPUSD,1h@v1,2022-12-13T09:00Z,2022-12-13T10:00Z,1.0,2022,SOURCE_DATA,MEDIUM,上のパターンに当たらない 4 時間以下の欠落。休場宣言に該当なし,False,True,0
GBPUSD,1h@v1,2022-12-13T15:00Z,2022-12-13T16:00Z,1.0,2022,SOURCE_DATA,MEDIUM,上のパターンに当たらない 4 時間以下の欠落。休場宣言に該当なし,False,True,0
GBPUSD,1h@v1,2023-01-01T22:00Z,2023-01-01T23:00Z,1.0,2023,SOURCE_DATA,MEDIUM,週の開場（日 17:00 NY）から 3 時間以内。開場中のはずの時間帯,False,True,0
GBPUSD,1h@v1,2023-11-03T20:00Z,2023-11-03T21:00Z,1.0,2023,SOURCE_DATA,MEDIUM,週の閉場（金 17:00 NY）の 1 時間前。開場中のはずの時間帯,True,True,0
GBPUSD,1h@v1,2023-12-24T22:00Z,2023-12-25T00:00Z,2.0,2023,SOURCE_DATA,MEDIUM,週の開場（日 17:00 NY）から 3 時間以内。開場中のはずの時間帯,False,True,0
USDCAD,15m@v1,2016-09-04T21:15Z,2016-09-04T21:30Z,0.25,2016,SOURCE_DATA,MEDIUM,週の開場（日 17:00 NY）から 3 時間以内。開場中のはずの時間帯,False,False,0
USDCAD,15m@v1,2016-12-25T22:00Z,2016-12-25T22:30Z,0.5,2016,SOURCE_DATA,MEDIUM,週の開場（日 17:00 NY）から 3 時間以内。開場中のはずの時間帯,False,False,0
USDCAD,15m@v1,2016-12-26T07:15Z,2016-12-26T23:00Z,15.75,2016,CALENDAR_UNDECLARED_OR_PARTLY_SOURCE,LOW,2016 年クリスマス翌日の大きな欠落。2016 年は休場宣言が無い年,True,True,0
USDCAD,15m@v1,2017-01-01T22:00Z,2017-01-02T07:00Z,9.0,2017,CALENDAR,LOW,2017 年元日（日曜）の週の開場（日 17:00 NY）から月 02:00 NY までの 9 時間。fx_ny17 v2 の休場宣言は 2017-12-25 から始まり、2017 年の元日の前後は未宣言。2018 年以降の元日の宣言（前日 17:00〜当日 17:00 NY の 24 時間）とは長さも位置も一致しない,True,True,0
USDCAD,15m@v1,2019-03-15T20:00Z,2019-03-15T21:00Z,1.0,2019,SOURCE_DATA,MEDIUM,週の閉場（金 17:00 NY）の 1 時間前。開場中のはずの時間帯,True,True,0
USDCAD,15m@v1,2019-03-22T20:00Z,2019-03-22T21:00Z,1.0,2019,SOURCE_DATA,MEDIUM,週の閉場（金 17:00 NY）の 1 時間前。開場中のはずの時間帯,True,True,0
USDCAD,15m@v1,2019-03-29T20:00Z,2019-03-29T21:00Z,1.0,2019,SOURCE_DATA,MEDIUM,週の閉場（金 17:00 NY）の 1 時間前。開場中のはずの時間帯,True,True,0
USDCAD,15m@v1,2019-03-31T23:00Z,2019-04-01T00:00Z,1.0,2019,SOURCE_DATA,MEDIUM,週の開場（日 17:00 NY）から 3 時間以内。開場中のはずの時間帯,True,True,0
USDCAD,15m@v1,2019-05-26T21:00Z,2019-05-27T10:00Z,13.0,2019,UNKNOWN,LOW,4 時間を超え、上のパターンに当たらない欠落。個別の確認が要る,False,True,0
USDCAD,15m@v1,2019-11-01T20:00Z,2019-11-01T21:00Z,1.0,2019,SOURCE_DATA,MEDIUM,週の閉場（金 17:00 NY）の 1 時間前。開場中のはずの時間帯,True,True,0
USDCAD,15m@v1,2019-12-24T22:00Z,2019-12-24T22:45Z,0.75,2019,CALENDAR_ADJACENT_OR_SOURCE,LOW,クリスマスの短縮宣言に時間的に隣接する短い欠落。宣言区間そのものではない,True,False,0
USDCAD,15m@v1,2019-12-25T08:00Z,2019-12-25T09:00Z,1.0,2019,CALENDAR_ADJACENT_OR_SOURCE,LOW,クリスマスの短縮宣言に時間的に隣接する短い欠落。宣言区間そのものではない,False,True,0
USDCAD,15m@v1,2020-03-13T20:00Z,2020-03-13T21:00Z,1.0,2020,SOURCE_DATA,MEDIUM,週の閉場（金 17:00 NY）の 1 時間前。開場中のはずの時間帯,True,True,0
USDCAD,15m@v1,2020-03-20T20:00Z,2020-03-20T21:00Z,1.0,2020,SOURCE_DATA,MEDIUM,週の閉場（金 17:00 NY）の 1 時間前。開場中のはずの時間帯,True,True,0
USDCAD,15m@v1,2020-03-27T20:00Z,2020-03-27T21:00Z,1.0,2020,SOURCE_DATA,MEDIUM,週の閉場（金 17:00 NY）の 1 時間前。開場中のはずの時間帯,True,True,0
USDCAD,15m@v1,2020-03-29T23:00Z,2020-03-30T00:00Z,1.0,2020,SOURCE_DATA,MEDIUM,週の開場（日 17:00 NY）から 3 時間以内。開場中のはずの時間帯,True,True,0
USDCAD,15m@v1,2020-08-16T21:00Z,2020-08-16T21:15Z,0.25,2020,SOURCE_DATA,MEDIUM,週の開場（日 17:00 NY）から 3 時間以内。開場中のはずの時間帯,False,False,0
USDCAD,15m@v1,2020-10-30T20:00Z,2020-10-30T21:00Z,1.0,2020,SOURCE_DATA,MEDIUM,週の閉場（金 17:00 NY）の 1 時間前。開場中のはずの時間帯,True,True,0
USDCAD,15m@v1,2020-11-30T05:00Z,2020-12-01T00:00Z,19.0,2020,SOURCE_DATA_KNOWN,HIGH,2020-11-30 単発の大規模欠損。manifest の分類の注記に「既知の休場と一致しない」と明記,True,True,0
USDCAD,15m@v1,2020-12-24T23:15Z,2020-12-24T23:30Z,0.25,2020,CALENDAR_ADJACENT_OR_SOURCE,LOW,クリスマスの短縮宣言に時間的に隣接する短い欠落。宣言区間そのものではない,False,False,0
USDCAD,15m@v1,2021-03-19T20:00Z,2021-03-19T21:00Z,1.0,2021,SOURCE_DATA,MEDIUM,週の閉場（金 17:00 NY）の 1 時間前。開場中のはずの時間帯,True,True,0
USDCAD,15m@v1,2021-03-26T20:00Z,2021-03-26T21:00Z,1.0,2021,SOURCE_DATA,MEDIUM,週の閉場（金 17:00 NY）の 1 時間前。開場中のはずの時間帯,True,True,0
USDCAD,15m@v1,2021-03-28T23:00Z,2021-03-29T00:00Z,1.0,2021,SOURCE_DATA,MEDIUM,週の開場（日 17:00 NY）から 3 時間以内。開場中のはずの時間帯,True,True,0
USDCAD,15m@v1,2021-05-31T04:00Z,2021-06-01T00:00Z,20.0,2021,SOURCE_DATA_KNOWN,HIGH,2021-05-31 単発の大規模欠損。manifest の分類の注記に「既知の休場と一致しない」と明記,True,True,0
USDCAD,15m@v1,2021-11-05T20:00Z,2021-11-05T21:00Z,1.0,2021,SOURCE_DATA,MEDIUM,週の閉場（金 17:00 NY）の 1 時間前。開場中のはずの時間帯,True,True,0
USDCAD,15m@v1,2022-03-18T20:00Z,2022-03-18T21:00Z,1.0,2022,SOURCE_DATA,MEDIUM,週の閉場（金 17:00 NY）の 1 時間前。開場中のはずの時間帯,True,True,0
USDCAD,15m@v1,2022-03-25T20:00Z,2022-03-25T21:00Z,1.0,2022,SOURCE_DATA,MEDIUM,週の閉場（金 17:00 NY）の 1 時間前。開場中のはずの時間帯,True,True,0
USDCAD,15m@v1,2022-03-27T23:00Z,2022-03-28T00:00Z,1.0,2022,SOURCE_DATA,MEDIUM,週の開場（日 17:00 NY）から 3 時間以内。開場中のはずの時間帯,True,True,0
USDCAD,15m@v1,2022-09-25T21:15Z,2022-09-25T21:30Z,0.25,2022,SOURCE_DATA,MEDIUM,週の開場（日 17:00 NY）から 3 時間以内。開場中のはずの時間帯,False,False,0
USDCAD,15m@v1,2022-10-09T21:00Z,2022-10-09T22:00Z,1.0,2022,SOURCE_DATA,MEDIUM,週の開場（日 17:00 NY）から 3 時間以内。開場中のはずの時間帯,False,True,0
USDCAD,15m@v1,2022-11-04T20:00Z,2022-11-04T21:00Z,1.0,2022,SOURCE_DATA,MEDIUM,週の閉場（金 17:00 NY）の 1 時間前。開場中のはずの時間帯,True,True,0
USDCAD,15m@v1,2022-12-04T22:15Z,2022-12-04T22:30Z,0.25,2022,SOURCE_DATA,MEDIUM,週の開場（日 17:00 NY）から 3 時間以内。開場中のはずの時間帯,False,False,0
USDCAD,15m@v1,2022-12-25T22:15Z,2022-12-25T22:30Z,0.25,2022,SOURCE_DATA,MEDIUM,週の開場（日 17:00 NY）から 3 時間以内。開場中のはずの時間帯,False,False,0
USDCAD,15m@v1,2022-12-25T22:45Z,2022-12-25T23:00Z,0.25,2022,SOURCE_DATA,MEDIUM,週の開場（日 17:00 NY）から 3 時間以内。開場中のはずの時間帯,False,False,0
USDCAD,15m@v1,2023-01-01T22:00Z,2023-01-01T23:00Z,1.0,2023,SOURCE_DATA,MEDIUM,週の開場（日 17:00 NY）から 3 時間以内。開場中のはずの時間帯,False,True,0
USDCAD,15m@v1,2023-01-27T05:00Z,2023-01-27T06:00Z,1.0,2023,SOURCE_DATA,MEDIUM,上のパターンに当たらない 4 時間以下の欠落。休場宣言に該当なし,False,True,0
USDCAD,15m@v1,2023-09-25T10:15Z,2023-09-25T11:00Z,0.75,2023,SOURCE_DATA,MEDIUM,上のパターンに当たらない 4 時間以下の欠落。休場宣言に該当なし,True,False,0
USDCAD,15m@v1,2023-11-03T20:00Z,2023-11-03T21:00Z,1.0,2023,SOURCE_DATA,MEDIUM,週の閉場（金 17:00 NY）の 1 時間前。開場中のはずの時間帯,True,True,0
USDCAD,15m@v1,2023-12-24T22:00Z,2023-12-24T23:45Z,1.75,2023,SOURCE_DATA,MEDIUM,週の開場（日 17:00 NY）から 3 時間以内。開場中のはずの時間帯,False,True,0
USDCAD,15m@v1,2023-12-25T01:00Z,2023-12-25T01:15Z,0.25,2023,CALENDAR_ADJACENT_OR_SOURCE,LOW,クリスマスの短縮宣言に時間的に隣接する短い欠落。宣言区間そのものではない,False,False,0
USDCAD,15m@v1,2023-12-25T01:45Z,2023-12-25T02:15Z,0.5,2023,CALENDAR_ADJACENT_OR_SOURCE,LOW,クリスマスの短縮宣言に時間的に隣接する短い欠落。宣言区間そのものではない,False,False,0
USDCAD,15m@v1,2023-12-25T07:30Z,2023-12-25T08:00Z,0.5,2023,CALENDAR_ADJACENT_OR_SOURCE,LOW,クリスマスの短縮宣言に時間的に隣接する短い欠落。宣言区間そのものではない,False,False,0
USDCAD,1h@v1,2016-12-26T08:00Z,2016-12-26T23:00Z,15.0,2016,CALENDAR_UNDECLARED_OR_PARTLY_SOURCE,LOW,2016 年クリスマス翌日の大きな欠落。2016 年は休場宣言が無い年,True,True,0
USDCAD,1h@v1,2017-01-01T22:00Z,2017-01-02T07:00Z,9.0,2017,CALENDAR,LOW,2017 年元日（日曜）の週の開場（日 17:00 NY）から月 02:00 NY までの 9 時間。fx_ny17 v2 の休場宣言は 2017-12-25 から始まり、2017 年の元日の前後は未宣言。2018 年以降の元日の宣言（前日 17:00〜当日 17:00 NY の 24 時間）とは長さも位置も一致しない,True,True,0
USDCAD,1h@v1,2019-03-15T20:00Z,2019-03-15T21:00Z,1.0,2019,SOURCE_DATA,MEDIUM,週の閉場（金 17:00 NY）の 1 時間前。開場中のはずの時間帯,True,True,0
USDCAD,1h@v1,2019-03-22T20:00Z,2019-03-22T21:00Z,1.0,2019,SOURCE_DATA,MEDIUM,週の閉場（金 17:00 NY）の 1 時間前。開場中のはずの時間帯,True,True,0
USDCAD,1h@v1,2019-03-29T20:00Z,2019-03-29T21:00Z,1.0,2019,SOURCE_DATA,MEDIUM,週の閉場（金 17:00 NY）の 1 時間前。開場中のはずの時間帯,True,True,0
USDCAD,1h@v1,2019-03-31T23:00Z,2019-04-01T00:00Z,1.0,2019,SOURCE_DATA,MEDIUM,週の開場（日 17:00 NY）から 3 時間以内。開場中のはずの時間帯,True,True,0
USDCAD,1h@v1,2019-05-26T21:00Z,2019-05-27T10:00Z,13.0,2019,UNKNOWN,LOW,4 時間を超え、上のパターンに当たらない欠落。個別の確認が要る,False,True,0
USDCAD,1h@v1,2019-11-01T20:00Z,2019-11-01T21:00Z,1.0,2019,SOURCE_DATA,MEDIUM,週の閉場（金 17:00 NY）の 1 時間前。開場中のはずの時間帯,True,True,0
USDCAD,1h@v1,2019-12-25T08:00Z,2019-12-25T09:00Z,1.0,2019,CALENDAR_ADJACENT_OR_SOURCE,LOW,クリスマスの短縮宣言に時間的に隣接する短い欠落。宣言区間そのものではない,False,True,0
USDCAD,1h@v1,2020-03-13T20:00Z,2020-03-13T21:00Z,1.0,2020,SOURCE_DATA,MEDIUM,週の閉場（金 17:00 NY）の 1 時間前。開場中のはずの時間帯,True,True,0
USDCAD,1h@v1,2020-03-20T20:00Z,2020-03-20T21:00Z,1.0,2020,SOURCE_DATA,MEDIUM,週の閉場（金 17:00 NY）の 1 時間前。開場中のはずの時間帯,True,True,0
USDCAD,1h@v1,2020-03-27T20:00Z,2020-03-27T21:00Z,1.0,2020,SOURCE_DATA,MEDIUM,週の閉場（金 17:00 NY）の 1 時間前。開場中のはずの時間帯,True,True,0
USDCAD,1h@v1,2020-03-29T23:00Z,2020-03-30T00:00Z,1.0,2020,SOURCE_DATA,MEDIUM,週の開場（日 17:00 NY）から 3 時間以内。開場中のはずの時間帯,True,True,0
USDCAD,1h@v1,2020-10-30T20:00Z,2020-10-30T21:00Z,1.0,2020,SOURCE_DATA,MEDIUM,週の閉場（金 17:00 NY）の 1 時間前。開場中のはずの時間帯,True,True,0
USDCAD,1h@v1,2020-11-30T05:00Z,2020-12-01T00:00Z,19.0,2020,SOURCE_DATA_KNOWN,HIGH,2020-11-30 単発の大規模欠損。manifest の分類の注記に「既知の休場と一致しない」と明記,True,True,0
USDCAD,1h@v1,2021-03-19T20:00Z,2021-03-19T21:00Z,1.0,2021,SOURCE_DATA,MEDIUM,週の閉場（金 17:00 NY）の 1 時間前。開場中のはずの時間帯,True,True,0
USDCAD,1h@v1,2021-03-26T20:00Z,2021-03-26T21:00Z,1.0,2021,SOURCE_DATA,MEDIUM,週の閉場（金 17:00 NY）の 1 時間前。開場中のはずの時間帯,True,True,0
USDCAD,1h@v1,2021-03-28T23:00Z,2021-03-29T00:00Z,1.0,2021,SOURCE_DATA,MEDIUM,週の開場（日 17:00 NY）から 3 時間以内。開場中のはずの時間帯,True,True,0
USDCAD,1h@v1,2021-05-31T04:00Z,2021-06-01T00:00Z,20.0,2021,SOURCE_DATA_KNOWN,HIGH,2021-05-31 単発の大規模欠損。manifest の分類の注記に「既知の休場と一致しない」と明記,True,True,0
USDCAD,1h@v1,2021-11-05T20:00Z,2021-11-05T21:00Z,1.0,2021,SOURCE_DATA,MEDIUM,週の閉場（金 17:00 NY）の 1 時間前。開場中のはずの時間帯,True,True,0
USDCAD,1h@v1,2022-03-18T20:00Z,2022-03-18T21:00Z,1.0,2022,SOURCE_DATA,MEDIUM,週の閉場（金 17:00 NY）の 1 時間前。開場中のはずの時間帯,True,True,0
USDCAD,1h@v1,2022-03-25T20:00Z,2022-03-25T21:00Z,1.0,2022,SOURCE_DATA,MEDIUM,週の閉場（金 17:00 NY）の 1 時間前。開場中のはずの時間帯,True,True,0
USDCAD,1h@v1,2022-03-27T23:00Z,2022-03-28T00:00Z,1.0,2022,SOURCE_DATA,MEDIUM,週の開場（日 17:00 NY）から 3 時間以内。開場中のはずの時間帯,True,True,0
USDCAD,1h@v1,2022-10-09T21:00Z,2022-10-09T22:00Z,1.0,2022,SOURCE_DATA,MEDIUM,週の開場（日 17:00 NY）から 3 時間以内。開場中のはずの時間帯,False,True,0
USDCAD,1h@v1,2022-11-04T20:00Z,2022-11-04T21:00Z,1.0,2022,SOURCE_DATA,MEDIUM,週の閉場（金 17:00 NY）の 1 時間前。開場中のはずの時間帯,True,True,0
USDCAD,1h@v1,2023-01-01T22:00Z,2023-01-01T23:00Z,1.0,2023,SOURCE_DATA,MEDIUM,週の開場（日 17:00 NY）から 3 時間以内。開場中のはずの時間帯,False,True,0
USDCAD,1h@v1,2023-01-27T05:00Z,2023-01-27T06:00Z,1.0,2023,SOURCE_DATA,MEDIUM,上のパターンに当たらない 4 時間以下の欠落。休場宣言に該当なし,False,True,0
USDCAD,1h@v1,2023-11-03T20:00Z,2023-11-03T21:00Z,1.0,2023,SOURCE_DATA,MEDIUM,週の閉場（金 17:00 NY）の 1 時間前。開場中のはずの時間帯,True,True,0
USDCAD,1h@v1,2023-12-24T22:00Z,2023-12-24T23:00Z,1.0,2023,SOURCE_DATA,MEDIUM,週の開場（日 17:00 NY）から 3 時間以内。開場中のはずの時間帯,True,True,0
USDCHF,15m@v1,2016-12-25T22:00Z,2016-12-25T22:30Z,0.5,2016,SOURCE_DATA,MEDIUM,週の開場（日 17:00 NY）から 3 時間以内。開場中のはずの時間帯,False,False,0
USDCHF,15m@v1,2016-12-25T22:45Z,2016-12-25T23:00Z,0.25,2016,SOURCE_DATA,MEDIUM,週の開場（日 17:00 NY）から 3 時間以内。開場中のはずの時間帯,False,False,0
USDCHF,15m@v1,2016-12-26T07:00Z,2016-12-26T23:00Z,16.0,2016,CALENDAR_UNDECLARED_OR_PARTLY_SOURCE,LOW,2016 年クリスマス翌日の大きな欠落。2016 年は休場宣言が無い年,False,True,0
USDCHF,15m@v1,2017-01-01T22:00Z,2017-01-02T07:00Z,9.0,2017,CALENDAR,LOW,2017 年元日（日曜）の週の開場（日 17:00 NY）から月 02:00 NY までの 9 時間。fx_ny17 v2 の休場宣言は 2017-12-25 から始まり、2017 年の元日の前後は未宣言。2018 年以降の元日の宣言（前日 17:00〜当日 17:00 NY の 24 時間）とは長さも位置も一致しない,True,True,0
USDCHF,15m@v1,2018-04-01T21:15Z,2018-04-01T21:30Z,0.25,2018,SOURCE_DATA,MEDIUM,週の開場（日 17:00 NY）から 3 時間以内。開場中のはずの時間帯,False,False,0
USDCHF,15m@v1,2019-03-15T20:00Z,2019-03-15T21:00Z,1.0,2019,SOURCE_DATA,MEDIUM,週の閉場（金 17:00 NY）の 1 時間前。開場中のはずの時間帯,True,True,0
USDCHF,15m@v1,2019-03-22T20:00Z,2019-03-22T21:00Z,1.0,2019,SOURCE_DATA,MEDIUM,週の閉場（金 17:00 NY）の 1 時間前。開場中のはずの時間帯,True,True,0
USDCHF,15m@v1,2019-03-29T20:00Z,2019-03-29T21:00Z,1.0,2019,SOURCE_DATA,MEDIUM,週の閉場（金 17:00 NY）の 1 時間前。開場中のはずの時間帯,True,True,0
USDCHF,15m@v1,2019-03-31T23:00Z,2019-04-01T00:00Z,1.0,2019,SOURCE_DATA,MEDIUM,週の開場（日 17:00 NY）から 3 時間以内。開場中のはずの時間帯,True,True,0
USDCHF,15m@v1,2019-05-26T21:00Z,2019-05-27T08:00Z,11.0,2019,UNKNOWN,LOW,4 時間を超え、上のパターンに当たらない欠落。個別の確認が要る,False,True,0
USDCHF,15m@v1,2019-05-27T09:00Z,2019-05-27T10:00Z,1.0,2019,SOURCE_DATA,MEDIUM,上のパターンに当たらない 4 時間以下の欠落。休場宣言に該当なし,False,True,0
USDCHF,15m@v1,2019-11-01T20:00Z,2019-11-01T21:00Z,1.0,2019,SOURCE_DATA,MEDIUM,週の閉場（金 17:00 NY）の 1 時間前。開場中のはずの時間帯,True,True,0
USDCHF,15m@v1,2019-12-24T22:00Z,2019-12-24T22:45Z,0.75,2019,CALENDAR_ADJACENT_OR_SOURCE,LOW,クリスマスの短縮宣言に時間的に隣接する短い欠落。宣言区間そのものではない,True,False,0
USDCHF,15m@v1,2019-12-25T08:15Z,2019-12-25T09:00Z,0.75,2019,CALENDAR_ADJACENT_OR_SOURCE,LOW,クリスマスの短縮宣言に時間的に隣接する短い欠落。宣言区間そのものではない,True,False,0
USDCHF,15m@v1,2020-03-13T20:00Z,2020-03-13T21:00Z,1.0,2020,SOURCE_DATA,MEDIUM,週の閉場（金 17:00 NY）の 1 時間前。開場中のはずの時間帯,True,True,0
USDCHF,15m@v1,2020-03-20T20:00Z,2020-03-20T21:00Z,1.0,2020,SOURCE_DATA,MEDIUM,週の閉場（金 17:00 NY）の 1 時間前。開場中のはずの時間帯,True,True,0
USDCHF,15m@v1,2020-03-27T20:00Z,2020-03-27T21:00Z,1.0,2020,SOURCE_DATA,MEDIUM,週の閉場（金 17:00 NY）の 1 時間前。開場中のはずの時間帯,True,True,0
USDCHF,15m@v1,2020-03-29T23:00Z,2020-03-30T00:00Z,1.0,2020,SOURCE_DATA,MEDIUM,週の開場（日 17:00 NY）から 3 時間以内。開場中のはずの時間帯,True,True,0
USDCHF,15m@v1,2020-08-23T21:00Z,2020-08-23T21:15Z,0.25,2020,SOURCE_DATA,MEDIUM,週の開場（日 17:00 NY）から 3 時間以内。開場中のはずの時間帯,False,False,0
USDCHF,15m@v1,2020-10-30T20:00Z,2020-10-30T21:00Z,1.0,2020,SOURCE_DATA,MEDIUM,週の閉場（金 17:00 NY）の 1 時間前。開場中のはずの時間帯,True,True,0
USDCHF,15m@v1,2020-11-30T05:00Z,2020-12-01T00:00Z,19.0,2020,SOURCE_DATA_KNOWN,HIGH,2020-11-30 単発の大規模欠損。manifest の分類の注記に「既知の休場と一致しない」と明記,True,True,0
USDCHF,15m@v1,2021-03-19T20:00Z,2021-03-19T21:00Z,1.0,2021,SOURCE_DATA,MEDIUM,週の閉場（金 17:00 NY）の 1 時間前。開場中のはずの時間帯,True,True,0
USDCHF,15m@v1,2021-03-26T20:00Z,2021-03-26T21:00Z,1.0,2021,SOURCE_DATA,MEDIUM,週の閉場（金 17:00 NY）の 1 時間前。開場中のはずの時間帯,True,True,0
USDCHF,15m@v1,2021-03-28T23:00Z,2021-03-29T00:00Z,1.0,2021,SOURCE_DATA,MEDIUM,週の開場（日 17:00 NY）から 3 時間以内。開場中のはずの時間帯,True,True,0
USDCHF,15m@v1,2021-05-31T04:00Z,2021-06-01T00:00Z,20.0,2021,SOURCE_DATA_KNOWN,HIGH,2021-05-31 単発の大規模欠損。manifest の分類の注記に「既知の休場と一致しない」と明記,True,True,0
USDCHF,15m@v1,2021-07-14T21:15Z,2021-07-14T21:30Z,0.25,2021,SOURCE_DATA,MEDIUM,上のパターンに当たらない 4 時間以下の欠落。休場宣言に該当なし,False,False,0
USDCHF,15m@v1,2021-08-01T21:00Z,2021-08-01T21:30Z,0.5,2021,SOURCE_DATA,MEDIUM,週の開場（日 17:00 NY）から 3 時間以内。開場中のはずの時間帯,False,False,0
USDCHF,15m@v1,2021-08-08T21:15Z,2021-08-08T21:30Z,0.25,2021,SOURCE_DATA,MEDIUM,週の開場（日 17:00 NY）から 3 時間以内。開場中のはずの時間帯,False,False,0
USDCHF,15m@v1,2021-08-17T21:15Z,2021-08-17T21:30Z,0.25,2021,SOURCE_DATA,MEDIUM,上のパターンに当たらない 4 時間以下の欠落。休場宣言に該当なし,False,False,0
USDCHF,15m@v1,2021-11-05T20:00Z,2021-11-05T21:00Z,1.0,2021,SOURCE_DATA,MEDIUM,週の閉場（金 17:00 NY）の 1 時間前。開場中のはずの時間帯,True,True,0
USDCHF,15m@v1,2021-11-24T22:30Z,2021-11-24T22:45Z,0.25,2021,SOURCE_DATA,MEDIUM,上のパターンに当たらない 4 時間以下の欠落。休場宣言に該当なし,False,False,0
USDCHF,15m@v1,2021-11-28T22:00Z,2021-11-28T22:30Z,0.5,2021,SOURCE_DATA,MEDIUM,週の開場（日 17:00 NY）から 3 時間以内。開場中のはずの時間帯,False,False,0
USDCHF,15m@v1,2021-12-24T21:00Z,2021-12-24T21:30Z,0.5,2021,SOURCE_DATA,MEDIUM,週の閉場（金 17:00 NY）の 1 時間前。開場中のはずの時間帯,False,False,0
USDCHF,15m@v1,2021-12-26T22:00Z,2021-12-26T22:15Z,0.25,2021,SOURCE_DATA,MEDIUM,週の開場（日 17:00 NY）から 3 時間以内。開場中のはずの時間帯,False,False,0
USDCHF,15m@v1,2022-03-18T20:00Z,2022-03-18T21:00Z,1.0,2022,SOURCE_DATA,MEDIUM,週の閉場（金 17:00 NY）の 1 時間前。開場中のはずの時間帯,True,True,0
USDCHF,15m@v1,2022-03-25T20:00Z,2022-03-25T21:00Z,1.0,2022,SOURCE_DATA,MEDIUM,週の閉場（金 17:00 NY）の 1 時間前。開場中のはずの時間帯,True,True,0
USDCHF,15m@v1,2022-03-27T23:00Z,2022-03-28T00:00Z,1.0,2022,SOURCE_DATA,MEDIUM,週の開場（日 17:00 NY）から 3 時間以内。開場中のはずの時間帯,True,True,0
USDCHF,15m@v1,2022-05-01T21:00Z,2022-05-01T21:15Z,0.25,2022,SOURCE_DATA,MEDIUM,週の開場（日 17:00 NY）から 3 時間以内。開場中のはずの時間帯,False,False,0
USDCHF,15m@v1,2022-05-08T21:00Z,2022-05-08T21:15Z,0.25,2022,SOURCE_DATA,MEDIUM,週の開場（日 17:00 NY）から 3 時間以内。開場中のはずの時間帯,False,False,0
USDCHF,15m@v1,2022-05-15T21:00Z,2022-05-15T21:30Z,0.5,2022,SOURCE_DATA,MEDIUM,週の開場（日 17:00 NY）から 3 時間以内。開場中のはずの時間帯,False,False,0
USDCHF,15m@v1,2022-05-19T21:00Z,2022-05-19T22:00Z,1.0,2022,SOURCE_DATA,MEDIUM,上のパターンに当たらない 4 時間以下の欠落。休場宣言に該当なし,False,True,0
USDCHF,15m@v1,2022-05-30T21:00Z,2022-05-30T21:15Z,0.25,2022,SOURCE_DATA,MEDIUM,上のパターンに当たらない 4 時間以下の欠落。休場宣言に該当なし,False,False,0
USDCHF,15m@v1,2022-06-26T21:00Z,2022-06-26T21:30Z,0.5,2022,SOURCE_DATA,MEDIUM,週の開場（日 17:00 NY）から 3 時間以内。開場中のはずの時間帯,False,False,0
USDCHF,15m@v1,2022-07-14T21:00Z,2022-07-14T21:15Z,0.25,2022,SOURCE_DATA,MEDIUM,上のパターンに当たらない 4 時間以下の欠落。休場宣言に該当なし,False,False,0
USDCHF,15m@v1,2022-07-25T01:00Z,2022-07-25T02:00Z,1.0,2022,SOURCE_DATA,MEDIUM,上のパターンに当たらない 4 時間以下の欠落。休場宣言に該当なし,False,True,0
USDCHF,15m@v1,2022-07-25T11:00Z,2022-07-25T12:00Z,1.0,2022,SOURCE_DATA,MEDIUM,上のパターンに当たらない 4 時間以下の欠落。休場宣言に該当なし,False,True,0
USDCHF,15m@v1,2022-07-25T16:00Z,2022-07-25T17:00Z,1.0,2022,SOURCE_DATA,MEDIUM,上のパターンに当たらない 4 時間以下の欠落。休場宣言に該当なし,False,True,0
USDCHF,15m@v1,2022-07-31T21:00Z,2022-07-31T21:15Z,0.25,2022,SOURCE_DATA,MEDIUM,週の開場（日 17:00 NY）から 3 時間以内。開場中のはずの時間帯,False,False,0
USDCHF,15m@v1,2022-08-21T21:00Z,2022-08-21T21:30Z,0.5,2022,SOURCE_DATA,MEDIUM,週の開場（日 17:00 NY）から 3 時間以内。開場中のはずの時間帯,False,False,0
USDCHF,15m@v1,2022-09-06T21:15Z,2022-09-06T21:30Z,0.25,2022,SOURCE_DATA,MEDIUM,上のパターンに当たらない 4 時間以下の欠落。休場宣言に該当なし,False,False,0
USDCHF,15m@v1,2022-10-09T21:15Z,2022-10-09T21:45Z,0.5,2022,SOURCE_DATA,MEDIUM,週の開場（日 17:00 NY）から 3 時間以内。開場中のはずの時間帯,False,False,0
USDCHF,15m@v1,2022-10-12T21:15Z,2022-10-12T21:30Z,0.25,2022,SOURCE_DATA,MEDIUM,上のパターンに当たらない 4 時間以下の欠落。休場宣言に該当なし,False,False,0
USDCHF,15m@v1,2022-10-16T21:00Z,2022-10-16T21:30Z,0.5,2022,SOURCE_DATA,MEDIUM,週の開場（日 17:00 NY）から 3 時間以内。開場中のはずの時間帯,False,False,0
USDCHF,15m@v1,2022-10-17T21:15Z,2022-10-17T21:30Z,0.25,2022,SOURCE_DATA,MEDIUM,上のパターンに当たらない 4 時間以下の欠落。休場宣言に該当なし,False,False,0
USDCHF,15m@v1,2022-10-18T21:15Z,2022-10-18T21:30Z,0.25,2022,SOURCE_DATA,MEDIUM,上のパターンに当たらない 4 時間以下の欠落。休場宣言に該当なし,False,False,0
USDCHF,15m@v1,2022-11-04T20:00Z,2022-11-04T21:00Z,1.0,2022,SOURCE_DATA,MEDIUM,週の閉場（金 17:00 NY）の 1 時間前。開場中のはずの時間帯,True,True,0
USDCHF,15m@v1,2022-11-27T22:15Z,2022-11-27T22:30Z,0.25,2022,SOURCE_DATA,MEDIUM,週の開場（日 17:00 NY）から 3 時間以内。開場中のはずの時間帯,False,False,0
USDCHF,15m@v1,2023-01-01T22:15Z,2023-01-01T23:00Z,0.75,2023,SOURCE_DATA,MEDIUM,週の開場（日 17:00 NY）から 3 時間以内。開場中のはずの時間帯,False,False,0
USDCHF,15m@v1,2023-01-02T22:15Z,2023-01-02T22:45Z,0.5,2023,SOURCE_DATA,MEDIUM,上のパターンに当たらない 4 時間以下の欠落。休場宣言に該当なし,False,False,0
USDCHF,15m@v1,2023-03-19T21:15Z,2023-03-19T21:30Z,0.25,2023,SOURCE_DATA,MEDIUM,週の開場（日 17:00 NY）から 3 時間以内。開場中のはずの時間帯,False,False,0
USDCHF,15m@v1,2023-04-30T21:00Z,2023-04-30T21:15Z,0.25,2023,SOURCE_DATA,MEDIUM,週の開場（日 17:00 NY）から 3 時間以内。開場中のはずの時間帯,False,False,0
USDCHF,15m@v1,2023-09-25T10:15Z,2023-09-25T11:00Z,0.75,2023,SOURCE_DATA,MEDIUM,上のパターンに当たらない 4 時間以下の欠落。休場宣言に該当なし,True,False,0
USDCHF,15m@v1,2023-11-03T20:00Z,2023-11-03T21:00Z,1.0,2023,SOURCE_DATA,MEDIUM,週の閉場（金 17:00 NY）の 1 時間前。開場中のはずの時間帯,True,True,0
USDCHF,15m@v1,2023-12-24T22:00Z,2023-12-24T23:00Z,1.0,2023,SOURCE_DATA,MEDIUM,週の開場（日 17:00 NY）から 3 時間以内。開場中のはずの時間帯,True,True,0
USDCHF,15m@v1,2023-12-25T01:00Z,2023-12-25T08:00Z,7.0,2023,UNKNOWN,LOW,4 時間を超え、上のパターンに当たらない欠落。個別の確認が要る,False,True,0
USDCHF,1h@v1,2016-12-26T07:00Z,2016-12-26T23:00Z,16.0,2016,CALENDAR_UNDECLARED_OR_PARTLY_SOURCE,LOW,2016 年クリスマス翌日の大きな欠落。2016 年は休場宣言が無い年,False,True,0
USDCHF,1h@v1,2017-01-01T22:00Z,2017-01-02T07:00Z,9.0,2017,CALENDAR,LOW,2017 年元日（日曜）の週の開場（日 17:00 NY）から月 02:00 NY までの 9 時間。fx_ny17 v2 の休場宣言は 2017-12-25 から始まり、2017 年の元日の前後は未宣言。2018 年以降の元日の宣言（前日 17:00〜当日 17:00 NY の 24 時間）とは長さも位置も一致しない,True,True,0
USDCHF,1h@v1,2019-03-15T20:00Z,2019-03-15T21:00Z,1.0,2019,SOURCE_DATA,MEDIUM,週の閉場（金 17:00 NY）の 1 時間前。開場中のはずの時間帯,True,True,0
USDCHF,1h@v1,2019-03-22T20:00Z,2019-03-22T21:00Z,1.0,2019,SOURCE_DATA,MEDIUM,週の閉場（金 17:00 NY）の 1 時間前。開場中のはずの時間帯,True,True,0
USDCHF,1h@v1,2019-03-29T20:00Z,2019-03-29T21:00Z,1.0,2019,SOURCE_DATA,MEDIUM,週の閉場（金 17:00 NY）の 1 時間前。開場中のはずの時間帯,True,True,0
USDCHF,1h@v1,2019-03-31T23:00Z,2019-04-01T00:00Z,1.0,2019,SOURCE_DATA,MEDIUM,週の開場（日 17:00 NY）から 3 時間以内。開場中のはずの時間帯,True,True,0
USDCHF,1h@v1,2019-05-26T21:00Z,2019-05-27T08:00Z,11.0,2019,UNKNOWN,LOW,4 時間を超え、上のパターンに当たらない欠落。個別の確認が要る,False,True,0
USDCHF,1h@v1,2019-05-27T09:00Z,2019-05-27T10:00Z,1.0,2019,SOURCE_DATA,MEDIUM,上のパターンに当たらない 4 時間以下の欠落。休場宣言に該当なし,False,True,0
USDCHF,1h@v1,2019-11-01T20:00Z,2019-11-01T21:00Z,1.0,2019,SOURCE_DATA,MEDIUM,週の閉場（金 17:00 NY）の 1 時間前。開場中のはずの時間帯,True,True,0
USDCHF,1h@v1,2020-03-13T20:00Z,2020-03-13T21:00Z,1.0,2020,SOURCE_DATA,MEDIUM,週の閉場（金 17:00 NY）の 1 時間前。開場中のはずの時間帯,True,True,0
USDCHF,1h@v1,2020-03-20T20:00Z,2020-03-20T21:00Z,1.0,2020,SOURCE_DATA,MEDIUM,週の閉場（金 17:00 NY）の 1 時間前。開場中のはずの時間帯,True,True,0
USDCHF,1h@v1,2020-03-27T20:00Z,2020-03-27T21:00Z,1.0,2020,SOURCE_DATA,MEDIUM,週の閉場（金 17:00 NY）の 1 時間前。開場中のはずの時間帯,True,True,0
USDCHF,1h@v1,2020-03-29T23:00Z,2020-03-30T00:00Z,1.0,2020,SOURCE_DATA,MEDIUM,週の開場（日 17:00 NY）から 3 時間以内。開場中のはずの時間帯,True,True,0
USDCHF,1h@v1,2020-10-30T20:00Z,2020-10-30T21:00Z,1.0,2020,SOURCE_DATA,MEDIUM,週の閉場（金 17:00 NY）の 1 時間前。開場中のはずの時間帯,True,True,0
USDCHF,1h@v1,2020-11-30T05:00Z,2020-12-01T00:00Z,19.0,2020,SOURCE_DATA_KNOWN,HIGH,2020-11-30 単発の大規模欠損。manifest の分類の注記に「既知の休場と一致しない」と明記,True,True,0
USDCHF,1h@v1,2021-03-19T20:00Z,2021-03-19T21:00Z,1.0,2021,SOURCE_DATA,MEDIUM,週の閉場（金 17:00 NY）の 1 時間前。開場中のはずの時間帯,True,True,0
USDCHF,1h@v1,2021-03-26T20:00Z,2021-03-26T21:00Z,1.0,2021,SOURCE_DATA,MEDIUM,週の閉場（金 17:00 NY）の 1 時間前。開場中のはずの時間帯,True,True,0
USDCHF,1h@v1,2021-03-28T23:00Z,2021-03-29T00:00Z,1.0,2021,SOURCE_DATA,MEDIUM,週の開場（日 17:00 NY）から 3 時間以内。開場中のはずの時間帯,True,True,0
USDCHF,1h@v1,2021-05-31T04:00Z,2021-06-01T00:00Z,20.0,2021,SOURCE_DATA_KNOWN,HIGH,2021-05-31 単発の大規模欠損。manifest の分類の注記に「既知の休場と一致しない」と明記,True,True,0
USDCHF,1h@v1,2021-11-05T20:00Z,2021-11-05T21:00Z,1.0,2021,SOURCE_DATA,MEDIUM,週の閉場（金 17:00 NY）の 1 時間前。開場中のはずの時間帯,True,True,0
USDCHF,1h@v1,2022-03-18T20:00Z,2022-03-18T21:00Z,1.0,2022,SOURCE_DATA,MEDIUM,週の閉場（金 17:00 NY）の 1 時間前。開場中のはずの時間帯,True,True,0
USDCHF,1h@v1,2022-03-25T20:00Z,2022-03-25T21:00Z,1.0,2022,SOURCE_DATA,MEDIUM,週の閉場（金 17:00 NY）の 1 時間前。開場中のはずの時間帯,True,True,0
USDCHF,1h@v1,2022-03-27T23:00Z,2022-03-28T00:00Z,1.0,2022,SOURCE_DATA,MEDIUM,週の開場（日 17:00 NY）から 3 時間以内。開場中のはずの時間帯,True,True,0
USDCHF,1h@v1,2022-05-19T21:00Z,2022-05-19T22:00Z,1.0,2022,SOURCE_DATA,MEDIUM,上のパターンに当たらない 4 時間以下の欠落。休場宣言に該当なし,False,True,0
USDCHF,1h@v1,2022-07-25T01:00Z,2022-07-25T02:00Z,1.0,2022,SOURCE_DATA,MEDIUM,上のパターンに当たらない 4 時間以下の欠落。休場宣言に該当なし,False,True,0
USDCHF,1h@v1,2022-07-25T11:00Z,2022-07-25T12:00Z,1.0,2022,SOURCE_DATA,MEDIUM,上のパターンに当たらない 4 時間以下の欠落。休場宣言に該当なし,False,True,0
USDCHF,1h@v1,2022-07-25T16:00Z,2022-07-25T17:00Z,1.0,2022,SOURCE_DATA,MEDIUM,上のパターンに当たらない 4 時間以下の欠落。休場宣言に該当なし,False,True,0
USDCHF,1h@v1,2022-11-04T20:00Z,2022-11-04T21:00Z,1.0,2022,SOURCE_DATA,MEDIUM,週の閉場（金 17:00 NY）の 1 時間前。開場中のはずの時間帯,True,True,0
USDCHF,1h@v1,2023-11-03T20:00Z,2023-11-03T21:00Z,1.0,2023,SOURCE_DATA,MEDIUM,週の閉場（金 17:00 NY）の 1 時間前。開場中のはずの時間帯,True,True,0
USDCHF,1h@v1,2023-12-24T22:00Z,2023-12-24T23:00Z,1.0,2023,SOURCE_DATA,MEDIUM,週の開場（日 17:00 NY）から 3 時間以内。開場中のはずの時間帯,True,True,0
USDCHF,1h@v1,2023-12-25T01:00Z,2023-12-25T08:00Z,7.0,2023,UNKNOWN,LOW,4 時間を超え、上のパターンに当たらない欠落。個別の確認が要る,False,True,0
USDJPY,15m@v1,2016-12-25T22:00Z,2016-12-25T22:30Z,0.5,2016,SOURCE_DATA,MEDIUM,週の開場（日 17:00 NY）から 3 時間以内。開場中のはずの時間帯,False,False,0
USDJPY,15m@v1,2016-12-26T07:00Z,2016-12-26T23:00Z,16.0,2016,CALENDAR_UNDECLARED_OR_PARTLY_SOURCE,LOW,2016 年クリスマス翌日の大きな欠落。2016 年は休場宣言が無い年,False,True,0
USDJPY,15m@v1,2017-01-01T22:00Z,2017-01-02T07:00Z,9.0,2017,CALENDAR,LOW,2017 年元日（日曜）の週の開場（日 17:00 NY）から月 02:00 NY までの 9 時間。fx_ny17 v2 の休場宣言は 2017-12-25 から始まり、2017 年の元日の前後は未宣言。2018 年以降の元日の宣言（前日 17:00〜当日 17:00 NY の 24 時間）とは長さも位置も一致しない,True,True,0
USDJPY,15m@v1,2019-03-15T20:00Z,2019-03-15T21:00Z,1.0,2019,SOURCE_DATA,MEDIUM,週の閉場（金 17:00 NY）の 1 時間前。開場中のはずの時間帯,True,True,0
USDJPY,15m@v1,2019-03-22T20:00Z,2019-03-22T21:00Z,1.0,2019,SOURCE_DATA,MEDIUM,週の閉場（金 17:00 NY）の 1 時間前。開場中のはずの時間帯,True,True,0
USDJPY,15m@v1,2019-03-29T20:00Z,2019-03-29T21:00Z,1.0,2019,SOURCE_DATA,MEDIUM,週の閉場（金 17:00 NY）の 1 時間前。開場中のはずの時間帯,True,True,0
USDJPY,15m@v1,2019-03-31T23:00Z,2019-04-01T00:00Z,1.0,2019,SOURCE_DATA,MEDIUM,週の開場（日 17:00 NY）から 3 時間以内。開場中のはずの時間帯,True,True,0
USDJPY,15m@v1,2019-05-26T21:00Z,2019-05-26T23:45Z,2.75,2019,SOURCE_DATA,MEDIUM,週の開場（日 17:00 NY）から 3 時間以内。開場中のはずの時間帯,True,True,0
USDJPY,15m@v1,2019-11-01T20:00Z,2019-11-01T21:00Z,1.0,2019,SOURCE_DATA,MEDIUM,週の閉場（金 17:00 NY）の 1 時間前。開場中のはずの時間帯,True,True,0
USDJPY,15m@v1,2019-12-24T22:00Z,2019-12-24T23:00Z,1.0,2019,CALENDAR_ADJACENT_OR_SOURCE,LOW,クリスマスの短縮宣言に時間的に隣接する短い欠落。宣言区間そのものではない,False,True,0
USDJPY,15m@v1,2019-12-25T08:00Z,2019-12-25T09:00Z,1.0,2019,CALENDAR_ADJACENT_OR_SOURCE,LOW,クリスマスの短縮宣言に時間的に隣接する短い欠落。宣言区間そのものではない,False,True,0
USDJPY,15m@v1,2019-12-31T15:00Z,2019-12-31T16:00Z,1.0,2019,SOURCE_DATA,MEDIUM,上のパターンに当たらない 4 時間以下の欠落。休場宣言に該当なし,False,True,0
USDJPY,15m@v1,2020-03-13T20:00Z,2020-03-13T21:00Z,1.0,2020,SOURCE_DATA,MEDIUM,週の閉場（金 17:00 NY）の 1 時間前。開場中のはずの時間帯,True,True,0
USDJPY,15m@v1,2020-03-20T20:00Z,2020-03-20T21:00Z,1.0,2020,SOURCE_DATA,MEDIUM,週の閉場（金 17:00 NY）の 1 時間前。開場中のはずの時間帯,True,True,0
USDJPY,15m@v1,2020-03-27T20:00Z,2020-03-27T21:00Z,1.0,2020,SOURCE_DATA,MEDIUM,週の閉場（金 17:00 NY）の 1 時間前。開場中のはずの時間帯,True,True,0
USDJPY,15m@v1,2020-03-29T23:00Z,2020-03-30T00:00Z,1.0,2020,SOURCE_DATA,MEDIUM,週の開場（日 17:00 NY）から 3 時間以内。開場中のはずの時間帯,True,True,0
USDJPY,15m@v1,2020-10-30T20:00Z,2020-10-30T21:00Z,1.0,2020,SOURCE_DATA,MEDIUM,週の閉場（金 17:00 NY）の 1 時間前。開場中のはずの時間帯,True,True,0
USDJPY,15m@v1,2020-11-30T05:00Z,2020-12-01T00:00Z,19.0,2020,SOURCE_DATA_KNOWN,HIGH,2020-11-30 単発の大規模欠損。manifest の分類の注記に「既知の休場と一致しない」と明記,True,True,0
USDJPY,15m@v1,2021-03-19T20:00Z,2021-03-19T21:00Z,1.0,2021,SOURCE_DATA,MEDIUM,週の閉場（金 17:00 NY）の 1 時間前。開場中のはずの時間帯,True,True,0
USDJPY,15m@v1,2021-03-26T20:00Z,2021-03-26T21:00Z,1.0,2021,SOURCE_DATA,MEDIUM,週の閉場（金 17:00 NY）の 1 時間前。開場中のはずの時間帯,True,True,0
USDJPY,15m@v1,2021-03-28T23:00Z,2021-03-29T00:00Z,1.0,2021,SOURCE_DATA,MEDIUM,週の開場（日 17:00 NY）から 3 時間以内。開場中のはずの時間帯,True,True,0
USDJPY,15m@v1,2021-05-31T04:00Z,2021-06-01T00:00Z,20.0,2021,SOURCE_DATA_KNOWN,HIGH,2021-05-31 単発の大規模欠損。manifest の分類の注記に「既知の休場と一致しない」と明記,True,True,0
USDJPY,15m@v1,2021-11-05T20:00Z,2021-11-05T21:00Z,1.0,2021,SOURCE_DATA,MEDIUM,週の閉場（金 17:00 NY）の 1 時間前。開場中のはずの時間帯,True,True,0
USDJPY,15m@v1,2022-03-18T20:00Z,2022-03-18T21:00Z,1.0,2022,SOURCE_DATA,MEDIUM,週の閉場（金 17:00 NY）の 1 時間前。開場中のはずの時間帯,True,True,0
USDJPY,15m@v1,2022-03-25T20:00Z,2022-03-25T21:00Z,1.0,2022,SOURCE_DATA,MEDIUM,週の閉場（金 17:00 NY）の 1 時間前。開場中のはずの時間帯,True,True,0
USDJPY,15m@v1,2022-03-27T23:00Z,2022-03-28T00:00Z,1.0,2022,SOURCE_DATA,MEDIUM,週の開場（日 17:00 NY）から 3 時間以内。開場中のはずの時間帯,True,True,0
USDJPY,15m@v1,2022-06-26T21:00Z,2022-06-26T21:30Z,0.5,2022,SOURCE_DATA,MEDIUM,週の開場（日 17:00 NY）から 3 時間以内。開場中のはずの時間帯,False,False,0
USDJPY,15m@v1,2022-09-01T03:00Z,2022-09-01T04:00Z,1.0,2022,SOURCE_DATA,MEDIUM,上のパターンに当たらない 4 時間以下の欠落。休場宣言に該当なし,False,True,0
USDJPY,15m@v1,2022-09-01T18:00Z,2022-09-01T19:00Z,1.0,2022,SOURCE_DATA,MEDIUM,上のパターンに当たらない 4 時間以下の欠落。休場宣言に該当なし,False,True,0
USDJPY,15m@v1,2022-11-04T20:00Z,2022-11-04T21:00Z,1.0,2022,SOURCE_DATA,MEDIUM,週の閉場（金 17:00 NY）の 1 時間前。開場中のはずの時間帯,True,True,0
USDJPY,15m@v1,2023-09-25T10:15Z,2023-09-25T11:00Z,0.75,2023,SOURCE_DATA,MEDIUM,上のパターンに当たらない 4 時間以下の欠落。休場宣言に該当なし,True,False,0
USDJPY,15m@v1,2023-11-03T20:00Z,2023-11-03T21:00Z,1.0,2023,SOURCE_DATA,MEDIUM,週の閉場（金 17:00 NY）の 1 時間前。開場中のはずの時間帯,True,True,0
USDJPY,15m@v1,2023-12-24T22:00Z,2023-12-24T23:30Z,1.5,2023,SOURCE_DATA,MEDIUM,週の開場（日 17:00 NY）から 3 時間以内。開場中のはずの時間帯,False,True,0
USDJPY,1h@v1,2016-12-26T07:00Z,2016-12-26T23:00Z,16.0,2016,CALENDAR_UNDECLARED_OR_PARTLY_SOURCE,LOW,2016 年クリスマス翌日の大きな欠落。2016 年は休場宣言が無い年,False,True,0
USDJPY,1h@v1,2017-01-01T22:00Z,2017-01-02T07:00Z,9.0,2017,CALENDAR,LOW,2017 年元日（日曜）の週の開場（日 17:00 NY）から月 02:00 NY までの 9 時間。fx_ny17 v2 の休場宣言は 2017-12-25 から始まり、2017 年の元日の前後は未宣言。2018 年以降の元日の宣言（前日 17:00〜当日 17:00 NY の 24 時間）とは長さも位置も一致しない,True,True,0
USDJPY,1h@v1,2019-03-15T20:00Z,2019-03-15T21:00Z,1.0,2019,SOURCE_DATA,MEDIUM,週の閉場（金 17:00 NY）の 1 時間前。開場中のはずの時間帯,True,True,0
USDJPY,1h@v1,2019-03-22T20:00Z,2019-03-22T21:00Z,1.0,2019,SOURCE_DATA,MEDIUM,週の閉場（金 17:00 NY）の 1 時間前。開場中のはずの時間帯,True,True,0
USDJPY,1h@v1,2019-03-29T20:00Z,2019-03-29T21:00Z,1.0,2019,SOURCE_DATA,MEDIUM,週の閉場（金 17:00 NY）の 1 時間前。開場中のはずの時間帯,True,True,0
USDJPY,1h@v1,2019-03-31T23:00Z,2019-04-01T00:00Z,1.0,2019,SOURCE_DATA,MEDIUM,週の開場（日 17:00 NY）から 3 時間以内。開場中のはずの時間帯,True,True,0
USDJPY,1h@v1,2019-05-26T21:00Z,2019-05-26T23:00Z,2.0,2019,SOURCE_DATA,MEDIUM,週の開場（日 17:00 NY）から 3 時間以内。開場中のはずの時間帯,True,True,0
USDJPY,1h@v1,2019-11-01T20:00Z,2019-11-01T21:00Z,1.0,2019,SOURCE_DATA,MEDIUM,週の閉場（金 17:00 NY）の 1 時間前。開場中のはずの時間帯,True,True,0
USDJPY,1h@v1,2019-12-24T22:00Z,2019-12-24T23:00Z,1.0,2019,CALENDAR_ADJACENT_OR_SOURCE,LOW,クリスマスの短縮宣言に時間的に隣接する短い欠落。宣言区間そのものではない,False,True,0
USDJPY,1h@v1,2019-12-25T08:00Z,2019-12-25T09:00Z,1.0,2019,CALENDAR_ADJACENT_OR_SOURCE,LOW,クリスマスの短縮宣言に時間的に隣接する短い欠落。宣言区間そのものではない,False,True,0
USDJPY,1h@v1,2019-12-31T15:00Z,2019-12-31T16:00Z,1.0,2019,SOURCE_DATA,MEDIUM,上のパターンに当たらない 4 時間以下の欠落。休場宣言に該当なし,False,True,0
USDJPY,1h@v1,2020-03-13T20:00Z,2020-03-13T21:00Z,1.0,2020,SOURCE_DATA,MEDIUM,週の閉場（金 17:00 NY）の 1 時間前。開場中のはずの時間帯,True,True,0
USDJPY,1h@v1,2020-03-20T20:00Z,2020-03-20T21:00Z,1.0,2020,SOURCE_DATA,MEDIUM,週の閉場（金 17:00 NY）の 1 時間前。開場中のはずの時間帯,True,True,0
USDJPY,1h@v1,2020-03-27T20:00Z,2020-03-27T21:00Z,1.0,2020,SOURCE_DATA,MEDIUM,週の閉場（金 17:00 NY）の 1 時間前。開場中のはずの時間帯,True,True,0
USDJPY,1h@v1,2020-03-29T23:00Z,2020-03-30T00:00Z,1.0,2020,SOURCE_DATA,MEDIUM,週の開場（日 17:00 NY）から 3 時間以内。開場中のはずの時間帯,True,True,0
USDJPY,1h@v1,2020-10-30T20:00Z,2020-10-30T21:00Z,1.0,2020,SOURCE_DATA,MEDIUM,週の閉場（金 17:00 NY）の 1 時間前。開場中のはずの時間帯,True,True,0
USDJPY,1h@v1,2020-11-30T05:00Z,2020-12-01T00:00Z,19.0,2020,SOURCE_DATA_KNOWN,HIGH,2020-11-30 単発の大規模欠損。manifest の分類の注記に「既知の休場と一致しない」と明記,True,True,0
USDJPY,1h@v1,2021-03-19T20:00Z,2021-03-19T21:00Z,1.0,2021,SOURCE_DATA,MEDIUM,週の閉場（金 17:00 NY）の 1 時間前。開場中のはずの時間帯,True,True,0
USDJPY,1h@v1,2021-03-26T20:00Z,2021-03-26T21:00Z,1.0,2021,SOURCE_DATA,MEDIUM,週の閉場（金 17:00 NY）の 1 時間前。開場中のはずの時間帯,True,True,0
USDJPY,1h@v1,2021-03-28T23:00Z,2021-03-29T00:00Z,1.0,2021,SOURCE_DATA,MEDIUM,週の開場（日 17:00 NY）から 3 時間以内。開場中のはずの時間帯,True,True,0
USDJPY,1h@v1,2021-05-31T04:00Z,2021-06-01T00:00Z,20.0,2021,SOURCE_DATA_KNOWN,HIGH,2021-05-31 単発の大規模欠損。manifest の分類の注記に「既知の休場と一致しない」と明記,True,True,0
USDJPY,1h@v1,2021-11-05T20:00Z,2021-11-05T21:00Z,1.0,2021,SOURCE_DATA,MEDIUM,週の閉場（金 17:00 NY）の 1 時間前。開場中のはずの時間帯,True,True,0
USDJPY,1h@v1,2022-03-18T20:00Z,2022-03-18T21:00Z,1.0,2022,SOURCE_DATA,MEDIUM,週の閉場（金 17:00 NY）の 1 時間前。開場中のはずの時間帯,True,True,0
USDJPY,1h@v1,2022-03-25T20:00Z,2022-03-25T21:00Z,1.0,2022,SOURCE_DATA,MEDIUM,週の閉場（金 17:00 NY）の 1 時間前。開場中のはずの時間帯,True,True,0
USDJPY,1h@v1,2022-03-27T23:00Z,2022-03-28T00:00Z,1.0,2022,SOURCE_DATA,MEDIUM,週の開場（日 17:00 NY）から 3 時間以内。開場中のはずの時間帯,True,True,0
USDJPY,1h@v1,2022-09-01T03:00Z,2022-09-01T04:00Z,1.0,2022,SOURCE_DATA,MEDIUM,上のパターンに当たらない 4 時間以下の欠落。休場宣言に該当なし,False,True,0
USDJPY,1h@v1,2022-09-01T18:00Z,2022-09-01T19:00Z,1.0,2022,SOURCE_DATA,MEDIUM,上のパターンに当たらない 4 時間以下の欠落。休場宣言に該当なし,False,True,0
USDJPY,1h@v1,2022-11-04T20:00Z,2022-11-04T21:00Z,1.0,2022,SOURCE_DATA,MEDIUM,週の閉場（金 17:00 NY）の 1 時間前。開場中のはずの時間帯,True,True,0
USDJPY,1h@v1,2023-11-03T20:00Z,2023-11-03T21:00Z,1.0,2023,SOURCE_DATA,MEDIUM,週の閉場（金 17:00 NY）の 1 時間前。開場中のはずの時間帯,True,True,0
USDJPY,1h@v1,2023-12-24T22:00Z,2023-12-24T23:00Z,1.0,2023,SOURCE_DATA,MEDIUM,週の開場（日 17:00 NY）から 3 時間以内。開場中のはずの時間帯,True,True,0
