timeframe,start_utc,end_utc,n_symbols,symbols
15m@v1,2016-09-04T21:15Z,2016-09-04T21:30Z,1,USDCAD
15m@v1,2016-12-25T22:00Z,2016-12-25T22:15Z,8,AUDJPY|EURGBP|EURJPY|EURUSD|GBPJPY|USDCAD|USDCHF|USDJPY
15m@v1,2016-12-25T22:15Z,2016-12-25T22:30Z,10,AUDJPY|AUDUSD|EURGBP|EURJPY|EURUSD|GBPJPY|GBPUSD|USDCAD|USDCHF|USDJPY
15m@v1,2016-12-25T22:45Z,2016-12-25T23:00Z,1,USDCHF
15m@v1,2016-12-26T07:00Z,2016-12-26T07:15Z,7,AUDJPY|EURJPY|EURUSD|GBPJPY|GBPUSD|USDCHF|USDJPY
15m@v1,2016-12-26T07:15Z,2016-12-26T23:00Z,10,AUDJPY|AUDUSD|EURGBP|EURJPY|EURUSD|GBPJPY|GBPUSD|USDCAD|USDCHF|USDJPY
15m@v1,2017-01-01T22:00Z,2017-01-02T07:00Z,10,AUDJPY|AUDUSD|EURGBP|EURJPY|EURUSD|GBPJPY|GBPUSD|USDCAD|USDCHF|USDJPY
15m@v1,2017-08-13T21:15Z,2017-08-13T21:30Z,1,GBPUSD
15m@v1,2018-04-01T21:15Z,2018-04-01T21:30Z,1,USDCHF
15m@v1,2018-12-24T22:45Z,2018-12-24T23:00Z,2,GBPJPY|GBPUSD
15m@v1,2018-12-24T23:00Z,2018-12-24T23:15Z,1,GBPUSD
15m@v1,2018-12-30T22:00Z,2018-12-31T00:00Z,1,EURGBP
15m@v1,2019-03-10T21:00Z,2019-03-10T22:00Z,4,GBPJPY|USDCAD|USDCHF|USDJPY
15m@v1,2019-03-31T23:00Z,2019-04-01T00:00Z,10,AUDJPY|AUDUSD|EURGBP|EURJPY|EURUSD|GBPJPY|GBPUSD|USDCAD|USDCHF|USDJPY
15m@v1,2019-05-26T21:00Z,2019-05-26T23:45Z,10,AUDJPY|AUDUSD|EURGBP|EURJPY|EURUSD|GBPJPY|GBPUSD|USDCAD|USDCHF|USDJPY
15m@v1,2019-05-26T23:45Z,2019-05-27T00:00Z,9,AUDJPY|AUDUSD|EURGBP|EURJPY|EURUSD|GBPJPY|GBPUSD|USDCAD|USDCHF
15m@v1,2019-05-27T00:00Z,2019-05-27T02:00Z,8,AUDUSD|EURGBP|EURJPY|EURUSD|GBPJPY|GBPUSD|USDCAD|USDCHF
15m@v1,2019-05-27T02:00Z,2019-05-27T03:00Z,7,AUDUSD|EURGBP|EURUSD|GBPJPY|GBPUSD|USDCAD|USDCHF
15m@v1,2019-05-27T03:00Z,2019-05-27T04:00Z,7,AUDUSD|EURGBP|EURJPY|GBPJPY|GBPUSD|USDCAD|USDCHF
15m@v1,2019-05-27T04:00Z,2019-05-27T05:00Z,7,AUDUSD|EURGBP|EURJPY|EURUSD|GBPJPY|USDCAD|USDCHF
15m@v1,2019-05-27T05:00Z,2019-05-27T06:00Z,7,AUDUSD|EURGBP|EURJPY|EURUSD|GBPUSD|USDCAD|USDCHF
15m@v1,2019-05-27T06:00Z,2019-05-27T08:00Z,8,AUDUSD|EURGBP|EURJPY|EURUSD|GBPJPY|GBPUSD|USDCAD|USDCHF
15m@v1,2019-05-27T08:00Z,2019-05-27T09:00Z,6,AUDUSD|EURGBP|EURUSD|GBPJPY|GBPUSD|USDCAD
15m@v1,2019-05-27T09:00Z,2019-05-27T10:00Z,7,EURGBP|EURJPY|EURUSD|GBPJPY|GBPUSD|USDCAD|USDCHF
15m@v1,2019-12-10T22:00Z,2019-12-10T23:00Z,1,AUDUSD
15m@v1,2019-12-11T20:00Z,2019-12-11T21:00Z,1,AUDUSD
15m@v1,2019-12-24T22:00Z,2019-12-24T22:45Z,10,AUDJPY|AUDUSD|EURGBP|EURJPY|EURUSD|GBPJPY|GBPUSD|USDCAD|USDCHF|USDJPY
15m@v1,2019-12-24T22:45Z,2019-12-24T23:00Z,1,USDJPY
15m@v1,2019-12-25T08:00Z,2019-12-25T08:15Z,9,AUDJPY|AUDUSD|EURGBP|EURJPY|EURUSD|GBPJPY|GBPUSD|USDCAD|USDJPY
15m@v1,2019-12-25T08:15Z,2019-12-25T09:00Z,10,AUDJPY|AUDUSD|EURGBP|EURJPY|EURUSD|GBPJPY|GBPUSD|USDCAD|USDCHF|USDJPY
15m@v1,2019-12-27T19:00Z,2019-12-27T20:00Z,1,AUDUSD
15m@v1,2019-12-31T15:00Z,2019-12-31T16:00Z,1,USDJPY
15m@v1,2020-03-29T21:45Z,2020-03-29T22:00Z,1,EURGBP
15m@v1,2020-03-29T23:00Z,2020-03-30T00:00Z,10,AUDJPY|AUDUSD|EURGBP|EURJPY|EURUSD|GBPJPY|GBPUSD|USDCAD|USDCHF|USDJPY
15m@v1,2020-07-12T21:00Z,2020-07-12T21:15Z,1,GBPUSD
15m@v1,2020-08-16T21:00Z,2020-08-16T21:15Z,1,USDCAD
15m@v1,2020-08-23T21:00Z,2020-08-23T21:15Z,1,USDCHF
15m@v1,2020-11-30T05:00Z,2020-12-01T00:00Z,10,AUDJPY|AUDUSD|EURGBP|EURJPY|EURUSD|GBPJPY|GBPUSD|USDCAD|USDCHF|USDJPY
15m@v1,2020-12-24T22:15Z,2020-12-24T22:30Z,1,EURUSD
15m@v1,2020-12-24T22:30Z,2020-12-24T22:45Z,1,AUDUSD
15m@v1,2020-12-24T23:15Z,2020-12-24T23:30Z,1,USDCAD
15m@v1,2020-12-24T23:30Z,2020-12-24T23:45Z,1,EURGBP
15m@v1,2020-12-25T07:00Z,2020-12-25T07:15Z,3,EURGBP|GBPJPY|GBPUSD
15m@v1,2020-12-25T07:15Z,2020-12-25T07:30Z,2,EURGBP|GBPUSD
15m@v1,2020-12-25T07:30Z,2020-12-25T07:45Z,3,EURGBP|GBPJPY|GBPUSD
15m@v1,2020-12-25T07:45Z,2020-12-25T08:00Z,4,EURGBP|EURJPY|GBPJPY|GBPUSD
15m@v1,2021-03-14T21:00Z,2021-03-14T21:15Z,1,USDCHF
15m@v1,2021-03-14T21:30Z,2021-03-14T21:45Z,1,USDCHF
15m@v1,2021-03-28T23:00Z,2021-03-29T00:00Z,10,AUDJPY|AUDUSD|EURGBP|EURJPY|EURUSD|GBPJPY|GBPUSD|USDCAD|USDCHF|USDJPY
15m@v1,2021-04-05T21:15Z,2021-04-05T21:30Z,1,AUDUSD
15m@v1,2021-04-20T21:15Z,2021-04-20T21:30Z,1,EURUSD
15m@v1,2021-05-21T18:00Z,2021-05-21T19:00Z,1,EURGBP
15m@v1,2021-05-31T04:00Z,2021-06-01T00:00Z,10,AUDJPY|AUDUSD|EURGBP|EURJPY|EURUSD|GBPJPY|GBPUSD|USDCAD|USDCHF|USDJPY
15m@v1,2021-07-14T21:15Z,2021-07-14T21:30Z,1,USDCHF
15m@v1,2021-08-01T21:00Z,2021-08-01T21:30Z,1,USDCHF
15m@v1,2021-08-08T21:15Z,2021-08-08T21:30Z,1,USDCHF
15m@v1,2021-08-17T21:15Z,2021-08-17T21:30Z,1,USDCHF
15m@v1,2021-11-24T22:30Z,2021-11-24T22:45Z,1,USDCHF
15m@v1,2021-11-28T22:00Z,2021-11-28T22:30Z,1,USDCHF
15m@v1,2021-12-05T22:00Z,2021-12-05T22:30Z,1,GBPJPY
15m@v1,2021-12-24T21:00Z,2021-12-24T21:30Z,1,USDCHF
15m@v1,2021-12-26T22:00Z,2021-12-26T22:15Z,2,EURJPY|USDCHF
15m@v1,2022-01-02T22:00Z,2022-01-02T22:15Z,1,GBPJPY
15m@v1,2022-03-27T23:00Z,2022-03-28T00:00Z,10,AUDJPY|AUDUSD|EURGBP|EURJPY|EURUSD|GBPJPY|GBPUSD|USDCAD|USDCHF|USDJPY
15m@v1,2022-05-01T21:00Z,2022-05-01T21:15Z,1,USDCHF
15m@v1,2022-05-08T21:00Z,2022-05-08T21:15Z,2,EURJPY|USDCHF
15m@v1,2022-05-15T21:00Z,2022-05-15T21:15Z,2,EURJPY|USDCHF
15m@v1,2022-05-15T21:15Z,2022-05-15T21:30Z,1,USDCHF
15m@v1,2022-05-19T21:00Z,2022-05-19T22:00Z,1,USDCHF
15m@v1,2022-05-30T21:00Z,2022-05-30T21:15Z,1,USDCHF
15m@v1,2022-06-15T09:00Z,2022-06-15T10:00Z,1,EURJPY
15m@v1,2022-06-20T21:00Z,2022-06-20T21:15Z,1,GBPJPY
15m@v1,2022-06-26T21:00Z,2022-06-26T21:30Z,5,AUDJPY|EURJPY|GBPJPY|USDCHF|USDJPY
15m@v1,2022-06-28T02:00Z,2022-06-28T03:00Z,1,AUDJPY
15m@v1,2022-06-29T14:00Z,2022-06-29T15:00Z,1,AUDUSD
15m@v1,2022-06-29T21:00Z,2022-06-29T22:00Z,1,AUDUSD
15m@v1,2022-07-14T21:00Z,2022-07-14T21:15Z,1,USDCHF
15m@v1,2022-07-19T02:00Z,2022-07-19T03:00Z,1,GBPJPY
15m@v1,2022-07-19T11:00Z,2022-07-19T12:00Z,1,GBPJPY
15m@v1,2022-07-19T19:00Z,2022-07-19T20:00Z,1,EURJPY
15m@v1,2022-07-25T01:00Z,2022-07-25T02:00Z,1,USDCHF
15m@v1,2022-07-25T11:00Z,2022-07-25T12:00Z,1,USDCHF
15m@v1,2022-07-25T16:00Z,2022-07-25T17:00Z,1,USDCHF
15m@v1,2022-07-31T21:00Z,2022-07-31T21:15Z,1,USDCHF
15m@v1,2022-08-08T21:00Z,2022-08-08T21:15Z,1,GBPJPY
15m@v1,2022-08-14T21:00Z,2022-08-14T21:15Z,2,GBPJPY|GBPUSD
15m@v1,2022-08-21T21:00Z,2022-08-21T21:30Z,1,USDCHF
15m@v1,2022-09-01T03:00Z,2022-09-01T04:00Z,1,USDJPY
15m@v1,2022-09-01T18:00Z,2022-09-01T19:00Z,1,USDJPY
15m@v1,2022-09-06T21:15Z,2022-09-06T21:30Z,1,USDCHF
15m@v1,2022-09-25T21:15Z,2022-09-25T21:30Z,1,USDCAD
15m@v1,2022-10-02T21:00Z,2022-10-02T21:15Z,1,GBPJPY
15m@v1,2022-10-09T21:00Z,2022-10-09T21:15Z,1,USDCAD
15m@v1,2022-10-09T21:15Z,2022-10-09T21:45Z,2,USDCAD|USDCHF
15m@v1,2022-10-09T21:45Z,2022-10-09T22:00Z,1,USDCAD
15m@v1,2022-10-12T21:15Z,2022-10-12T21:30Z,1,USDCHF
15m@v1,2022-10-16T21:00Z,2022-10-16T21:30Z,1,USDCHF
15m@v1,2022-10-17T21:15Z,2022-10-17T21:30Z,1,USDCHF
15m@v1,2022-10-18T21:15Z,2022-10-18T21:30Z,1,USDCHF
15m@v1,2022-10-30T21:00Z,2022-10-30T21:30Z,1,USDCHF
15m@v1,2022-11-23T20:00Z,2022-11-23T21:00Z,1,AUDJPY
15m@v1,2022-11-25T06:00Z,2022-11-25T07:00Z,1,AUDJPY
15m@v1,2022-11-27T22:15Z,2022-11-27T22:30Z,1,USDCHF
15m@v1,2022-11-28T09:00Z,2022-11-28T10:00Z,1,EURJPY
15m@v1,2022-11-28T11:00Z,2022-11-28T12:00Z,1,AUDUSD
15m@v1,2022-11-28T19:00Z,2022-11-28T20:00Z,1,EURJPY
15m@v1,2022-12-02T03:00Z,2022-12-02T04:00Z,1,AUDJPY
15m@v1,2022-12-02T09:00Z,2022-12-02T10:00Z,1,AUDJPY
15m@v1,2022-12-02T19:00Z,2022-12-02T20:00Z,1,AUDJPY
15m@v1,2022-12-04T22:00Z,2022-12-04T22:15Z,1,GBPJPY
15m@v1,2022-12-04T22:15Z,2022-12-04T22:30Z,1,USDCAD
15m@v1,2022-12-13T09:00Z,2022-12-13T10:00Z,1,GBPUSD
15m@v1,2022-12-13T15:00Z,2022-12-13T16:00Z,1,GBPUSD
15m@v1,2022-12-22T22:00Z,2022-12-22T22:15Z,1,EURGBP
15m@v1,2022-12-25T22:00Z,2022-12-25T22:15Z,1,AUDJPY
15m@v1,2022-12-25T22:15Z,2022-12-25T22:30Z,4,AUDJPY|AUDUSD|GBPJPY|USDCAD
15m@v1,2022-12-25T22:30Z,2022-12-25T22:45Z,4,AUDJPY|AUDUSD|EURJPY|GBPJPY
15m@v1,2022-12-25T22:45Z,2022-12-25T23:00Z,4,AUDJPY|AUDUSD|EURJPY|USDCAD
15m@v1,2022-12-27T22:00Z,2022-12-27T22:15Z,1,GBPJPY
15m@v1,2023-01-01T22:00Z,2023-01-01T22:15Z,7,AUDJPY|AUDUSD|EURGBP|EURJPY|GBPJPY|GBPUSD|USDCAD
15m@v1,2023-01-01T22:15Z,2023-01-01T22:30Z,8,AUDJPY|AUDUSD|EURGBP|EURJPY|GBPJPY|GBPUSD|USDCAD|USDCHF
15m@v1,2023-01-01T22:30Z,2023-01-01T22:45Z,6,EURGBP|EURJPY|GBPJPY|GBPUSD|USDCAD|USDCHF
15m@v1,2023-01-01T22:45Z,2023-01-01T23:00Z,7,AUDJPY|EURGBP|EURJPY|GBPJPY|GBPUSD|USDCAD|USDCHF
15m@v1,2023-01-01T23:00Z,2023-01-01T23:15Z,4,AUDJPY|EURGBP|EURJPY|GBPJPY
15m@v1,2023-01-01T23:15Z,2023-01-01T23:30Z,3,AUDJPY|EURJPY|GBPJPY
15m@v1,2023-01-01T23:30Z,2023-01-01T23:45Z,1,EURJPY
15m@v1,2023-01-02T22:00Z,2023-01-02T22:15Z,1,AUDJPY
15m@v1,2023-01-02T22:15Z,2023-01-02T22:45Z,1,USDCHF
15m@v1,2023-01-24T17:00Z,2023-01-24T18:00Z,1,AUDJPY
15m@v1,2023-01-27T05:00Z,2023-01-27T06:00Z,1,USDCAD
15m@v1,2023-01-27T11:00Z,2023-01-27T12:00Z,1,EURUSD
15m@v1,2023-03-19T21:15Z,2023-03-19T21:30Z,1,USDCHF
15m@v1,2023-04-30T21:00Z,2023-04-30T21:15Z,1,USDCHF
15m@v1,2023-09-24T21:00Z,2023-09-24T21:15Z,1,GBPJPY
15m@v1,2023-09-25T10:15Z,2023-09-25T11:00Z,10,AUDJPY|AUDUSD|EURGBP|EURJPY|EURUSD|GBPJPY|GBPUSD|USDCAD|USDCHF|USDJPY
15m@v1,2023-12-24T22:00Z,2023-12-24T23:00Z,10,AUDJPY|AUDUSD|EURGBP|EURJPY|EURUSD|GBPJPY|GBPUSD|USDCAD|USDCHF|USDJPY
15m@v1,2023-12-24T23:00Z,2023-12-24T23:15Z,6,AUDJPY|EURJPY|GBPJPY|GBPUSD|USDCAD|USDJPY
15m@v1,2023-12-24T23:15Z,2023-12-24T23:30Z,7,AUDJPY|EURJPY|EURUSD|GBPJPY|GBPUSD|USDCAD|USDJPY
15m@v1,2023-12-24T23:30Z,2023-12-24T23:45Z,5,AUDJPY|EURGBP|GBPJPY|GBPUSD|USDCAD
15m@v1,2023-12-24T23:45Z,2023-12-25T00:00Z,4,AUDJPY|EURGBP|GBPJPY|GBPUSD
15m@v1,2023-12-25T00:00Z,2023-12-25T00:15Z,2,GBPJPY|GBPUSD
15m@v1,2023-12-25T00:15Z,2023-12-25T00:30Z,2,AUDJPY|GBPJPY
15m@v1,2023-12-25T00:30Z,2023-12-25T00:45Z,1,GBPJPY
15m@v1,2023-12-25T01:00Z,2023-12-25T01:15Z,2,USDCAD|USDCHF
15m@v1,2023-12-25T01:15Z,2023-12-25T01:45Z,1,USDCHF
15m@v1,2023-12-25T01:45Z,2023-12-25T02:15Z,2,USDCAD|USDCHF
15m@v1,2023-12-25T02:15Z,2023-12-25T05:45Z,1,USDCHF
15m@v1,2023-12-25T05:45Z,2023-12-25T06:00Z,2,EURJPY|USDCHF
15m@v1,2023-12-25T06:00Z,2023-12-25T07:15Z,1,USDCHF
15m@v1,2023-12-25T07:15Z,2023-12-25T07:30Z,2,EURJPY|USDCHF
15m@v1,2023-12-25T07:30Z,2023-12-25T07:45Z,4,EURJPY|GBPJPY|USDCAD|USDCHF
15m@v1,2023-12-25T07:45Z,2023-12-25T08:00Z,4,AUDJPY|EURJPY|USDCAD|USDCHF
15m@v1,2023-12-25T22:00Z,2023-12-25T22:15Z,1,EURJPY
15m@v1,2023-12-25T22:15Z,2023-12-25T22:30Z,1,AUDJPY
1h@v1,2016-12-26T07:00Z,2016-12-26T08:00Z,7,AUDJPY|EURJPY|EURUSD|GBPJPY|GBPUSD|USDCHF|USDJPY
1h@v1,2016-12-26T08:00Z,2016-12-26T23:00Z,10,AUDJPY|AUDUSD|EURGBP|EURJPY|EURUSD|GBPJPY|GBPUSD|USDCAD|USDCHF|USDJPY
1h@v1,2017-01-01T22:00Z,2017-01-02T07:00Z,10,AUDJPY|AUDUSD|EURGBP|EURJPY|EURUSD|GBPJPY|GBPUSD|USDCAD|USDCHF|USDJPY
1h@v1,2018-12-30T22:00Z,2018-12-31T00:00Z,1,EURGBP
1h@v1,2019-03-10T21:00Z,2019-03-10T22:00Z,4,GBPJPY|USDCAD|USDCHF|USDJPY
1h@v1,2019-03-31T23:00Z,2019-04-01T00:00Z,10,AUDJPY|AUDUSD|EURGBP|EURJPY|EURUSD|GBPJPY|GBPUSD|USDCAD|USDCHF|USDJPY
1h@v1,2019-05-26T21:00Z,2019-05-26T23:00Z,10,AUDJPY|AUDUSD|EURGBP|EURJPY|EURUSD|GBPJPY|GBPUSD|USDCAD|USDCHF|USDJPY
1h@v1,2019-05-26T23:00Z,2019-05-27T00:00Z,9,AUDJPY|AUDUSD|EURGBP|EURJPY|EURUSD|GBPJPY|GBPUSD|USDCAD|USDCHF
1h@v1,2019-05-27T00:00Z,2019-05-27T02:00Z,8,AUDUSD|EURGBP|EURJPY|EURUSD|GBPJPY|GBPUSD|USDCAD|USDCHF
1h@v1,2019-05-27T02:00Z,2019-05-27T03:00Z,7,AUDUSD|EURGBP|EURUSD|GBPJPY|GBPUSD|USDCAD|USDCHF
1h@v1,2019-05-27T03:00Z,2019-05-27T04:00Z,7,AUDUSD|EURGBP|EURJPY|GBPJPY|GBPUSD|USDCAD|USDCHF
1h@v1,2019-05-27T04:00Z,2019-05-27T05:00Z,7,AUDUSD|EURGBP|EURJPY|EURUSD|GBPJPY|USDCAD|USDCHF
1h@v1,2019-05-27T05:00Z,2019-05-27T06:00Z,7,AUDUSD|EURGBP|EURJPY|EURUSD|GBPUSD|USDCAD|USDCHF
1h@v1,2019-05-27T06:00Z,2019-05-27T08:00Z,8,AUDUSD|EURGBP|EURJPY|EURUSD|GBPJPY|GBPUSD|USDCAD|USDCHF
1h@v1,2019-05-27T08:00Z,2019-05-27T09:00Z,6,AUDUSD|EURGBP|EURUSD|GBPJPY|GBPUSD|USDCAD
1h@v1,2019-05-27T09:00Z,2019-05-27T10:00Z,7,EURGBP|EURJPY|EURUSD|GBPJPY|GBPUSD|USDCAD|USDCHF
1h@v1,2019-12-10T22:00Z,2019-12-10T23:00Z,1,AUDUSD
1h@v1,2019-12-11T20:00Z,2019-12-11T21:00Z,1,AUDUSD
1h@v1,2019-12-24T22:00Z,2019-12-24T23:00Z,1,USDJPY
1h@v1,2019-12-25T08:00Z,2019-12-25T09:00Z,9,AUDJPY|AUDUSD|EURGBP|EURJPY|EURUSD|GBPJPY|GBPUSD|USDCAD|USDJPY
1h@v1,2019-12-27T19:00Z,2019-12-27T20:00Z,1,AUDUSD
1h@v1,2019-12-31T15:00Z,2019-12-31T16:00Z,1,USDJPY
1h@v1,2020-03-29T23:00Z,2020-03-30T00:00Z,10,AUDJPY|AUDUSD|EURGBP|EURJPY|EURUSD|GBPJPY|GBPUSD|USDCAD|USDCHF|USDJPY
1h@v1,2020-11-30T05:00Z,2020-12-01T00:00Z,10,AUDJPY|AUDUSD|EURGBP|EURJPY|EURUSD|GBPJPY|GBPUSD|USDCAD|USDCHF|USDJPY
1h@v1,2020-12-25T07:00Z,2020-12-25T08:00Z,2,EURGBP|GBPUSD
1h@v1,2021-03-28T23:00Z,2021-03-29T00:00Z,10,AUDJPY|AUDUSD|EURGBP|EURJPY|EURUSD|GBPJPY|GBPUSD|USDCAD|USDCHF|USDJPY
1h@v1,2021-05-21T18:00Z,2021-05-21T19:00Z,1,EURGBP
1h@v1,2021-05-31T04:00Z,2021-06-01T00:00Z,10,AUDJPY|AUDUSD|EURGBP|EURJPY|EURUSD|GBPJPY|GBPUSD|USDCAD|USDCHF|USDJPY
1h@v1,2022-03-27T23:00Z,2022-03-28T00:00Z,10,AUDJPY|AUDUSD|EURGBP|EURJPY|EURUSD|GBPJPY|GBPUSD|USDCAD|USDCHF|USDJPY
1h@v1,2022-05-19T21:00Z,2022-05-19T22:00Z,1,USDCHF
1h@v1,2022-06-15T09:00Z,2022-06-15T10:00Z,1,EURJPY
1h@v1,2022-06-28T02:00Z,2022-06-28T03:00Z,1,AUDJPY
1h@v1,2022-06-29T14:00Z,2022-06-29T15:00Z,1,AUDUSD
1h@v1,2022-06-29T21:00Z,2022-06-29T22:00Z,1,AUDUSD
1h@v1,2022-07-19T02:00Z,2022-07-19T03:00Z,1,GBPJPY
1h@v1,2022-07-19T11:00Z,2022-07-19T12:00Z,1,GBPJPY
1h@v1,2022-07-19T19:00Z,2022-07-19T20:00Z,1,EURJPY
1h@v1,2022-07-25T01:00Z,2022-07-25T02:00Z,1,USDCHF
1h@v1,2022-07-25T11:00Z,2022-07-25T12:00Z,1,USDCHF
1h@v1,2022-07-25T16:00Z,2022-07-25T17:00Z,1,USDCHF
1h@v1,2022-09-01T03:00Z,2022-09-01T04:00Z,1,USDJPY
1h@v1,2022-09-01T18:00Z,2022-09-01T19:00Z,1,USDJPY
1h@v1,2022-10-09T21:00Z,2022-10-09T22:00Z,1,USDCAD
1h@v1,2022-11-23T20:00Z,2022-11-23T21:00Z,1,AUDJPY
1h@v1,2022-11-25T06:00Z,2022-11-25T07:00Z,1,AUDJPY
1h@v1,2022-11-28T09:00Z,2022-11-28T10:00Z,1,EURJPY
1h@v1,2022-11-28T11:00Z,2022-11-28T12:00Z,1,AUDUSD
1h@v1,2022-11-28T19:00Z,2022-11-28T20:00Z,1,EURJPY
1h@v1,2022-12-02T03:00Z,2022-12-02T04:00Z,1,AUDJPY
1h@v1,2022-12-02T09:00Z,2022-12-02T10:00Z,1,AUDJPY
1h@v1,2022-12-02T19:00Z,2022-12-02T20:00Z,1,AUDJPY
1h@v1,2022-12-13T09:00Z,2022-12-13T10:00Z,1,GBPUSD
1h@v1,2022-12-13T15:00Z,2022-12-13T16:00Z,1,GBPUSD
1h@v1,2022-12-25T22:00Z,2022-12-25T23:00Z,1,AUDJPY
1h@v1,2023-01-01T22:00Z,2023-01-01T23:00Z,5,EURGBP|EURJPY|GBPJPY|GBPUSD|USDCAD
1h@v1,2023-01-24T17:00Z,2023-01-24T18:00Z,1,AUDJPY
1h@v1,2023-01-27T05:00Z,2023-01-27T06:00Z,1,USDCAD
1h@v1,2023-01-27T11:00Z,2023-01-27T12:00Z,1,EURUSD
1h@v1,2023-12-24T22:00Z,2023-12-24T23:00Z,10,AUDJPY|AUDUSD|EURGBP|EURJPY|EURUSD|GBPJPY|GBPUSD|USDCAD|USDCHF|USDJPY
1h@v1,2023-12-24T23:00Z,2023-12-25T00:00Z,3,AUDJPY|GBPJPY|GBPUSD
1h@v1,2023-12-25T01:00Z,2023-12-25T08:00Z,1,USDCHF
