symbol,timeframe,start_utc,end_utc,duration_hours,year_of_bar_end,attribution,confidence,rationale,in_all10_overlap,matches_other_timeframe_gap,raw_rows_in_interval,raw_prev_row_utc,raw_next_row_utc
AUDJPY,15m@v1,2016-12-25T22:00Z,2016-12-25T22:30Z,0.5,2016,SOURCE_DATA,MEDIUM,週の開場（日 17:00 NY）から 3 時間以内。開場中のはずの時間帯,False,False,0,2016-12-23T21:45Z,2016-12-25T22:30Z
AUDJPY,15m@v1,2016-12-26T07:00Z,2016-12-26T23:00Z,16.0,2016,CALENDAR_UNDECLARED_OR_PARTLY_SOURCE,LOW,2016 年クリスマス翌日の大きな欠落。2016 年は休場宣言が無い年,False,True,0,2016-12-26T06:45Z,2016-12-26T23:00Z
AUDJPY,15m@v1,2017-01-01T22:00Z,2017-01-02T07:00Z,9.0,2017,CALENDAR,LOW,2017 年元日（日曜）の週の開場（日 17:00 NY）から月 02:00 NY までの 9 時間。fx_ny17 v2 の休場宣言は 2017-12-25 から始まり、2017 年の元日の前後は未宣言。2018 年以降の元日の宣言（前日 17:00〜当日 17:00 NY の 24 時間）とは長さも位置も一致しない,True,True,0,2016-12-30T21:45Z,2017-01-02T07:00Z
AUDJPY,15m@v1,2019-03-31T23:00Z,2019-04-01T00:00Z,1.0,2019,SOURCE_DATA,MEDIUM,週の開場（日 17:00 NY）から 3 時間以内。開場中のはずの時間帯,True,True,0,2019-03-31T22:45Z,2019-04-01T00:00Z
AUDJPY,15m@v1,2019-05-26T21:00Z,2019-05-27T00:00Z,3.0,2019,SOURCE_DATA,MEDIUM,週の開場（日 17:00 NY）から 3 時間以内。開場中のはずの時間帯,False,True,0,2019-05-24T20:45Z,2019-05-27T00:00Z
AUDJPY,15m@v1,2019-12-24T22:00Z,2019-12-24T22:45Z,0.75,2019,CALENDAR_ADJACENT_OR_SOURCE,LOW,クリスマスの短縮宣言に時間的に隣接する短い欠落。宣言区間そのものではない,True,False,0,2019-12-24T21:45Z,2019-12-24T22:45Z
AUDJPY,15m@v1,2019-12-25T08:00Z,2019-12-25T09:00Z,1.0,2019,CALENDAR_ADJACENT_OR_SOURCE,LOW,クリスマスの短縮宣言に時間的に隣接する短い欠落。宣言区間そのものではない,False,True,0,2019-12-25T07:45Z,2019-12-25T22:00Z
AUDJPY,15m@v1,2020-03-29T23:00Z,2020-03-30T00:00Z,1.0,2020,SOURCE_DATA,MEDIUM,週の開場（日 17:00 NY）から 3 時間以内。開場中のはずの時間帯,True,True,0,2020-03-29T22:45Z,2020-03-30T00:00Z
AUDJPY,15m@v1,2020-11-30T05:00Z,2020-12-01T00:00Z,19.0,2020,SOURCE_DATA_KNOWN,HIGH,2020-11-30 単発の大規模欠損。manifest の分類の注記に「既知の休場と一致しない」と明記,True,True,0,2020-11-30T04:45Z,2020-12-01T00:00Z
AUDJPY,15m@v1,2021-03-28T23:00Z,2021-03-29T00:00Z,1.0,2021,SOURCE_DATA,MEDIUM,週の開場（日 17:00 NY）から 3 時間以内。開場中のはずの時間帯,True,True,0,2021-03-28T22:45Z,2021-03-29T00:00Z
AUDJPY,15m@v1,2021-05-31T04:00Z,2021-06-01T00:00Z,20.0,2021,SOURCE_DATA_KNOWN,HIGH,2021-05-31 単発の大規模欠損。manifest の分類の注記に「既知の休場と一致しない」と明記,True,True,0,2021-05-31T03:45Z,2021-06-01T00:00Z
AUDJPY,15m@v1,2022-03-27T23:00Z,2022-03-28T00:00Z,1.0,2022,SOURCE_DATA,MEDIUM,週の開場（日 17:00 NY）から 3 時間以内。開場中のはずの時間帯,True,True,0,2022-03-27T22:45Z,2022-03-28T00:00Z
AUDJPY,15m@v1,2022-06-26T21:00Z,2022-06-26T21:30Z,0.5,2022,SOURCE_DATA,MEDIUM,週の開場（日 17:00 NY）から 3 時間以内。開場中のはずの時間帯,False,False,0,2022-06-24T20:45Z,2022-06-26T21:30Z
AUDJPY,15m@v1,2022-06-28T02:00Z,2022-06-28T03:00Z,1.0,2022,SOURCE_DATA,MEDIUM,上のパターンに当たらない 4 時間以下の欠落。休場宣言に該当なし,False,True,0,2022-06-28T01:45Z,2022-06-28T03:00Z
AUDJPY,15m@v1,2022-11-23T20:00Z,2022-11-23T21:00Z,1.0,2022,SOURCE_DATA,MEDIUM,上のパターンに当たらない 4 時間以下の欠落。休場宣言に該当なし,False,True,0,2022-11-23T19:45Z,2022-11-23T21:00Z
AUDJPY,15m@v1,2022-11-25T06:00Z,2022-11-25T07:00Z,1.0,2022,SOURCE_DATA,MEDIUM,上のパターンに当たらない 4 時間以下の欠落。休場宣言に該当なし,False,True,0,2022-11-25T05:45Z,2022-11-25T07:00Z
AUDJPY,15m@v1,2022-12-02T03:00Z,2022-12-02T04:00Z,1.0,2022,SOURCE_DATA,MEDIUM,上のパターンに当たらない 4 時間以下の欠落。休場宣言に該当なし,False,True,0,2022-12-02T02:45Z,2022-12-02T04:00Z
AUDJPY,15m@v1,2022-12-02T09:00Z,2022-12-02T10:00Z,1.0,2022,SOURCE_DATA,MEDIUM,上のパターンに当たらない 4 時間以下の欠落。休場宣言に該当なし,False,True,0,2022-12-02T08:45Z,2022-12-02T10:00Z
AUDJPY,15m@v1,2022-12-02T19:00Z,2022-12-02T20:00Z,1.0,2022,SOURCE_DATA,MEDIUM,上のパターンに当たらない 4 時間以下の欠落。休場宣言に該当なし,False,True,0,2022-12-02T18:45Z,2022-12-02T20:00Z
AUDJPY,15m@v1,2022-12-25T22:00Z,2022-12-25T23:00Z,1.0,2022,SOURCE_DATA,MEDIUM,週の開場（日 17:00 NY）から 3 時間以内。開場中のはずの時間帯,False,True,0,2022-12-23T21:45Z,2022-12-25T23:00Z
AUDJPY,15m@v1,2023-01-01T22:00Z,2023-01-01T22:30Z,0.5,2023,SOURCE_DATA,MEDIUM,週の開場（日 17:00 NY）から 3 時間以内。開場中のはずの時間帯,False,False,0,2022-12-30T21:45Z,2023-01-01T22:30Z
AUDJPY,15m@v1,2023-01-01T22:45Z,2023-01-01T23:30Z,0.75,2023,SOURCE_DATA,MEDIUM,週の開場（日 17:00 NY）から 3 時間以内。開場中のはずの時間帯,False,False,0,2023-01-01T22:30Z,2023-01-01T23:30Z
AUDJPY,15m@v1,2023-01-02T22:00Z,2023-01-02T22:15Z,0.25,2023,SOURCE_DATA,MEDIUM,上のパターンに当たらない 4 時間以下の欠落。休場宣言に該当なし,False,False,0,2023-01-02T21:45Z,2023-01-02T22:15Z
AUDJPY,15m@v1,2023-01-24T17:00Z,2023-01-24T18:00Z,1.0,2023,SOURCE_DATA,MEDIUM,上のパターンに当たらない 4 時間以下の欠落。休場宣言に該当なし,False,True,0,2023-01-24T16:45Z,2023-01-24T18:00Z
AUDJPY,15m@v1,2023-09-25T10:15Z,2023-09-25T11:00Z,0.75,2023,SOURCE_DATA,MEDIUM,上のパターンに当たらない 4 時間以下の欠落。休場宣言に該当なし,True,False,0,2023-09-25T10:00Z,2023-09-25T11:00Z
AUDJPY,15m@v1,2023-12-24T22:00Z,2023-12-25T00:00Z,2.0,2023,SOURCE_DATA,MEDIUM,週の開場（日 17:00 NY）から 3 時間以内。開場中のはずの時間帯,False,True,0,2023-12-22T21:45Z,2023-12-25T00:00Z
AUDJPY,15m@v1,2023-12-25T00:15Z,2023-12-25T00:30Z,0.25,2023,SOURCE_DATA,MEDIUM,週の開場（日 17:00 NY）から 3 時間以内。開場中のはずの時間帯,False,False,0,2023-12-25T00:00Z,2023-12-25T00:30Z
AUDJPY,15m@v1,2023-12-25T07:45Z,2023-12-25T08:00Z,0.25,2023,CALENDAR_ADJACENT_OR_SOURCE,LOW,クリスマスの短縮宣言に時間的に隣接する短い欠落。宣言区間そのものではない,False,False,0,2023-12-25T07:30Z,2023-12-25T22:00Z
AUDJPY,15m@v1,2023-12-25T22:15Z,2023-12-25T22:30Z,0.25,2023,CALENDAR_ADJACENT_OR_SOURCE,LOW,クリスマスの短縮宣言に時間的に隣接する短い欠落。宣言区間そのものではない,False,False,0,2023-12-25T22:00Z,2023-12-25T22:30Z
AUDJPY,1h@v1,2016-12-26T07:00Z,2016-12-26T23:00Z,16.0,2016,CALENDAR_UNDECLARED_OR_PARTLY_SOURCE,LOW,2016 年クリスマス翌日の大きな欠落。2016 年は休場宣言が無い年,False,True,0,2016-12-26T06:00Z,2016-12-26T23:00Z
AUDJPY,1h@v1,2017-01-01T22:00Z,2017-01-02T07:00Z,9.0,2017,CALENDAR,LOW,2017 年元日（日曜）の週の開場（日 17:00 NY）から月 02:00 NY までの 9 時間。fx_ny17 v2 の休場宣言は 2017-12-25 から始まり、2017 年の元日の前後は未宣言。2018 年以降の元日の宣言（前日 17:00〜当日 17:00 NY の 24 時間）とは長さも位置も一致しない,True,True,0,2016-12-30T21:00Z,2017-01-02T07:00Z
AUDJPY,1h@v1,2019-03-31T23:00Z,2019-04-01T00:00Z,1.0,2019,SOURCE_DATA,MEDIUM,週の開場（日 17:00 NY）から 3 時間以内。開場中のはずの時間帯,True,True,0,2019-03-31T22:00Z,2019-04-01T00:00Z
AUDJPY,1h@v1,2019-05-26T21:00Z,2019-05-27T00:00Z,3.0,2019,SOURCE_DATA,MEDIUM,週の開場（日 17:00 NY）から 3 時間以内。開場中のはずの時間帯,False,True,0,2019-05-24T20:00Z,2019-05-27T00:00Z
AUDJPY,1h@v1,2019-12-25T08:00Z,2019-12-25T09:00Z,1.0,2019,CALENDAR_ADJACENT_OR_SOURCE,LOW,クリスマスの短縮宣言に時間的に隣接する短い欠落。宣言区間そのものではない,False,True,0,2019-12-25T07:00Z,2019-12-25T22:00Z
AUDJPY,1h@v1,2020-03-29T23:00Z,2020-03-30T00:00Z,1.0,2020,SOURCE_DATA,MEDIUM,週の開場（日 17:00 NY）から 3 時間以内。開場中のはずの時間帯,True,True,0,2020-03-29T22:00Z,2020-03-30T00:00Z
AUDJPY,1h@v1,2020-11-30T05:00Z,2020-12-01T00:00Z,19.0,2020,SOURCE_DATA_KNOWN,HIGH,2020-11-30 単発の大規模欠損。manifest の分類の注記に「既知の休場と一致しない」と明記,True,True,0,2020-11-30T04:00Z,2020-12-01T00:00Z
AUDJPY,1h@v1,2021-03-28T23:00Z,2021-03-29T00:00Z,1.0,2021,SOURCE_DATA,MEDIUM,週の開場（日 17:00 NY）から 3 時間以内。開場中のはずの時間帯,True,True,0,2021-03-28T22:00Z,2021-03-29T00:00Z
AUDJPY,1h@v1,2021-05-31T04:00Z,2021-06-01T00:00Z,20.0,2021,SOURCE_DATA_KNOWN,HIGH,2021-05-31 単発の大規模欠損。manifest の分類の注記に「既知の休場と一致しない」と明記,True,True,0,2021-05-31T03:00Z,2021-06-01T00:00Z
AUDJPY,1h@v1,2022-03-27T23:00Z,2022-03-28T00:00Z,1.0,2022,SOURCE_DATA,MEDIUM,週の開場（日 17:00 NY）から 3 時間以内。開場中のはずの時間帯,True,True,0,2022-03-27T22:00Z,2022-03-28T00:00Z
AUDJPY,1h@v1,2022-06-28T02:00Z,2022-06-28T03:00Z,1.0,2022,SOURCE_DATA,MEDIUM,上のパターンに当たらない 4 時間以下の欠落。休場宣言に該当なし,False,True,0,2022-06-28T01:00Z,2022-06-28T03:00Z
AUDJPY,1h@v1,2022-11-23T20:00Z,2022-11-23T21:00Z,1.0,2022,SOURCE_DATA,MEDIUM,上のパターンに当たらない 4 時間以下の欠落。休場宣言に該当なし,False,True,0,2022-11-23T19:00Z,2022-11-23T21:00Z
AUDJPY,1h@v1,2022-11-25T06:00Z,2022-11-25T07:00Z,1.0,2022,SOURCE_DATA,MEDIUM,上のパターンに当たらない 4 時間以下の欠落。休場宣言に該当なし,False,True,0,2022-11-25T05:00Z,2022-11-25T07:00Z
AUDJPY,1h@v1,2022-12-02T03:00Z,2022-12-02T04:00Z,1.0,2022,SOURCE_DATA,MEDIUM,上のパターンに当たらない 4 時間以下の欠落。休場宣言に該当なし,False,True,0,2022-12-02T02:00Z,2022-12-02T04:00Z
AUDJPY,1h@v1,2022-12-02T09:00Z,2022-12-02T10:00Z,1.0,2022,SOURCE_DATA,MEDIUM,上のパターンに当たらない 4 時間以下の欠落。休場宣言に該当なし,False,True,0,2022-12-02T08:00Z,2022-12-02T10:00Z
AUDJPY,1h@v1,2022-12-02T19:00Z,2022-12-02T20:00Z,1.0,2022,SOURCE_DATA,MEDIUM,上のパターンに当たらない 4 時間以下の欠落。休場宣言に該当なし,False,True,0,2022-12-02T18:00Z,2022-12-02T20:00Z
AUDJPY,1h@v1,2022-12-25T22:00Z,2022-12-25T23:00Z,1.0,2022,SOURCE_DATA,MEDIUM,週の開場（日 17:00 NY）から 3 時間以内。開場中のはずの時間帯,False,True,0,2022-12-23T21:00Z,2022-12-25T23:00Z
AUDJPY,1h@v1,2023-01-24T17:00Z,2023-01-24T18:00Z,1.0,2023,SOURCE_DATA,MEDIUM,上のパターンに当たらない 4 時間以下の欠落。休場宣言に該当なし,False,True,0,2023-01-24T16:00Z,2023-01-24T18:00Z
AUDJPY,1h@v1,2023-12-24T22:00Z,2023-12-25T00:00Z,2.0,2023,SOURCE_DATA,MEDIUM,週の開場（日 17:00 NY）から 3 時間以内。開場中のはずの時間帯,False,True,0,2023-12-22T21:00Z,2023-12-25T00:00Z
AUDUSD,15m@v1,2016-12-25T22:15Z,2016-12-25T22:30Z,0.25,2016,SOURCE_DATA,MEDIUM,週の開場（日 17:00 NY）から 3 時間以内。開場中のはずの時間帯,True,False,0,2016-12-25T22:00Z,2016-12-25T22:30Z
AUDUSD,15m@v1,2016-12-26T07:15Z,2016-12-26T23:00Z,15.75,2016,CALENDAR_UNDECLARED_OR_PARTLY_SOURCE,LOW,2016 年クリスマス翌日の大きな欠落。2016 年は休場宣言が無い年,True,True,0,2016-12-26T07:00Z,2016-12-26T23:00Z
AUDUSD,15m@v1,2017-01-01T22:00Z,2017-01-02T07:00Z,9.0,2017,CALENDAR,LOW,2017 年元日（日曜）の週の開場（日 17:00 NY）から月 02:00 NY までの 9 時間。fx_ny17 v2 の休場宣言は 2017-12-25 から始まり、2017 年の元日の前後は未宣言。2018 年以降の元日の宣言（前日 17:00〜当日 17:00 NY の 24 時間）とは長さも位置も一致しない,True,True,0,2016-12-30T21:45Z,2017-01-02T07:00Z
AUDUSD,15m@v1,2019-03-31T23:00Z,2019-04-01T00:00Z,1.0,2019,SOURCE_DATA,MEDIUM,週の開場（日 17:00 NY）から 3 時間以内。開場中のはずの時間帯,True,True,0,2019-03-31T22:45Z,2019-04-01T00:00Z
AUDUSD,15m@v1,2019-05-26T21:00Z,2019-05-27T09:00Z,12.0,2019,UNKNOWN,LOW,4 時間を超え、上のパターンに当たらない欠落。個別の確認が要る,False,True,0,2019-05-24T20:45Z,2019-05-27T09:00Z
AUDUSD,15m@v1,2019-12-10T22:00Z,2019-12-10T23:00Z,1.0,2019,SOURCE_DATA,MEDIUM,上のパターンに当たらない 4 時間以下の欠落。休場宣言に該当なし,False,True,0,2019-12-10T21:45Z,2019-12-10T23:00Z
AUDUSD,15m@v1,2019-12-11T20:00Z,2019-12-11T21:00Z,1.0,2019,SOURCE_DATA,MEDIUM,上のパターンに当たらない 4 時間以下の欠落。休場宣言に該当なし,False,True,0,2019-12-11T19:45Z,2019-12-11T21:00Z
AUDUSD,15m@v1,2019-12-24T22:00Z,2019-12-24T22:45Z,0.75,2019,CALENDAR_ADJACENT_OR_SOURCE,LOW,クリスマスの短縮宣言に時間的に隣接する短い欠落。宣言区間そのものではない,True,False,0,2019-12-24T21:45Z,2019-12-24T22:45Z
AUDUSD,15m@v1,2019-12-25T08:00Z,2019-12-25T09:00Z,1.0,2019,CALENDAR_ADJACENT_OR_SOURCE,LOW,クリスマスの短縮宣言に時間的に隣接する短い欠落。宣言区間そのものではない,False,True,0,2019-12-25T07:45Z,2019-12-25T22:00Z
AUDUSD,15m@v1,2019-12-27T19:00Z,2019-12-27T20:00Z,1.0,2019,SOURCE_DATA,MEDIUM,上のパターンに当たらない 4 時間以下の欠落。休場宣言に該当なし,False,True,0,2019-12-27T18:45Z,2019-12-27T20:00Z
AUDUSD,15m@v1,2020-03-29T23:00Z,2020-03-30T00:00Z,1.0,2020,SOURCE_DATA,MEDIUM,週の開場（日 17:00 NY）から 3 時間以内。開場中のはずの時間帯,True,True,0,2020-03-29T22:45Z,2020-03-30T00:00Z
AUDUSD,15m@v1,2020-11-30T05:00Z,2020-12-01T00:00Z,19.0,2020,SOURCE_DATA_KNOWN,HIGH,2020-11-30 単発の大規模欠損。manifest の分類の注記に「既知の休場と一致しない」と明記,True,True,0,2020-11-30T04:45Z,2020-12-01T00:00Z
AUDUSD,15m@v1,2020-12-24T22:30Z,2020-12-24T22:45Z,0.25,2020,CALENDAR_ADJACENT_OR_SOURCE,LOW,クリスマスの短縮宣言に時間的に隣接する短い欠落。宣言区間そのものではない,False,False,0,2020-12-24T22:15Z,2020-12-24T22:45Z
AUDUSD,15m@v1,2021-03-28T23:00Z,2021-03-29T00:00Z,1.0,2021,SOURCE_DATA,MEDIUM,週の開場（日 17:00 NY）から 3 時間以内。開場中のはずの時間帯,True,True,0,2021-03-28T22:45Z,2021-03-29T00:00Z
AUDUSD,15m@v1,2021-04-05T21:15Z,2021-04-05T21:30Z,0.25,2021,SOURCE_DATA,MEDIUM,上のパターンに当たらない 4 時間以下の欠落。休場宣言に該当なし,False,False,0,2021-04-05T21:00Z,2021-04-05T21:30Z
AUDUSD,15m@v1,2021-05-31T04:00Z,2021-06-01T00:00Z,20.0,2021,SOURCE_DATA_KNOWN,HIGH,2021-05-31 単発の大規模欠損。manifest の分類の注記に「既知の休場と一致しない」と明記,True,True,0,2021-05-31T03:45Z,2021-06-01T00:00Z
AUDUSD,15m@v1,2022-03-27T23:00Z,2022-03-28T00:00Z,1.0,2022,SOURCE_DATA,MEDIUM,週の開場（日 17:00 NY）から 3 時間以内。開場中のはずの時間帯,True,True,0,2022-03-27T22:45Z,2022-03-28T00:00Z
AUDUSD,15m@v1,2022-06-29T14:00Z,2022-06-29T15:00Z,1.0,2022,SOURCE_DATA,MEDIUM,上のパターンに当たらない 4 時間以下の欠落。休場宣言に該当なし,False,True,0,2022-06-29T13:45Z,2022-06-29T15:00Z
AUDUSD,15m@v1,2022-06-29T21:00Z,2022-06-29T22:00Z,1.0,2022,SOURCE_DATA,MEDIUM,上のパターンに当たらない 4 時間以下の欠落。休場宣言に該当なし,False,True,0,2022-06-29T20:45Z,2022-06-29T22:00Z
AUDUSD,15m@v1,2022-11-28T11:00Z,2022-11-28T12:00Z,1.0,2022,SOURCE_DATA,MEDIUM,上のパターンに当たらない 4 時間以下の欠落。休場宣言に該当なし,False,True,0,2022-11-28T10:45Z,2022-11-28T12:00Z
AUDUSD,15m@v1,2022-12-25T22:15Z,2022-12-25T23:00Z,0.75,2022,SOURCE_DATA,MEDIUM,週の開場（日 17:00 NY）から 3 時間以内。開場中のはずの時間帯,False,False,0,2022-12-25T22:00Z,2022-12-25T23:00Z
AUDUSD,15m@v1,2023-01-01T22:00Z,2023-01-01T22:30Z,0.5,2023,SOURCE_DATA,MEDIUM,週の開場（日 17:00 NY）から 3 時間以内。開場中のはずの時間帯,False,False,0,2022-12-30T21:45Z,2023-01-01T22:30Z
AUDUSD,15m@v1,2023-09-25T10:15Z,2023-09-25T11:00Z,0.75,2023,SOURCE_DATA,MEDIUM,上のパターンに当たらない 4 時間以下の欠落。休場宣言に該当なし,True,False,0,2023-09-25T10:00Z,2023-09-25T11:00Z
AUDUSD,15m@v1,2023-12-24T22:00Z,2023-12-24T23:00Z,1.0,2023,SOURCE_DATA,MEDIUM,週の開場（日 17:00 NY）から 3 時間以内。開場中のはずの時間帯,True,True,0,2023-12-22T21:45Z,2023-12-24T23:00Z
AUDUSD,1h@v1,2016-12-26T08:00Z,2016-12-26T23:00Z,15.0,2016,CALENDAR_UNDECLARED_OR_PARTLY_SOURCE,LOW,2016 年クリスマス翌日の大きな欠落。2016 年は休場宣言が無い年,True,True,0,2016-12-26T07:00Z,2016-12-26T23:00Z
AUDUSD,1h@v1,2017-01-01T22:00Z,2017-01-02T07:00Z,9.0,2017,CALENDAR,LOW,2017 年元日（日曜）の週の開場（日 17:00 NY）から月 02:00 NY までの 9 時間。fx_ny17 v2 の休場宣言は 2017-12-25 から始まり、2017 年の元日の前後は未宣言。2018 年以降の元日の宣言（前日 17:00〜当日 17:00 NY の 24 時間）とは長さも位置も一致しない,True,True,0,2016-12-30T21:00Z,2017-01-02T07:00Z
AUDUSD,1h@v1,2019-03-31T23:00Z,2019-04-01T00:00Z,1.0,2019,SOURCE_DATA,MEDIUM,週の開場（日 17:00 NY）から 3 時間以内。開場中のはずの時間帯,True,True,0,2019-03-31T22:00Z,2019-04-01T00:00Z
AUDUSD,1h@v1,2019-05-26T21:00Z,2019-05-27T09:00Z,12.0,2019,UNKNOWN,LOW,4 時間を超え、上のパターンに当たらない欠落。個別の確認が要る,False,True,0,2019-05-24T20:00Z,2019-05-27T09:00Z
AUDUSD,1h@v1,2019-12-10T22:00Z,2019-12-10T23:00Z,1.0,2019,SOURCE_DATA,MEDIUM,上のパターンに当たらない 4 時間以下の欠落。休場宣言に該当なし,False,True,0,2019-12-10T21:00Z,2019-12-10T23:00Z
AUDUSD,1h@v1,2019-12-11T20:00Z,2019-12-11T21:00Z,1.0,2019,SOURCE_DATA,MEDIUM,上のパターンに当たらない 4 時間以下の欠落。休場宣言に該当なし,False,True,0,2019-12-11T19:00Z,2019-12-11T21:00Z
AUDUSD,1h@v1,2019-12-25T08:00Z,2019-12-25T09:00Z,1.0,2019,CALENDAR_ADJACENT_OR_SOURCE,LOW,クリスマスの短縮宣言に時間的に隣接する短い欠落。宣言区間そのものではない,False,True,0,2019-12-25T07:00Z,2019-12-25T22:00Z
AUDUSD,1h@v1,2019-12-27T19:00Z,2019-12-27T20:00Z,1.0,2019,SOURCE_DATA,MEDIUM,上のパターンに当たらない 4 時間以下の欠落。休場宣言に該当なし,False,True,0,2019-12-27T18:00Z,2019-12-27T20:00Z
AUDUSD,1h@v1,2020-03-29T23:00Z,2020-03-30T00:00Z,1.0,2020,SOURCE_DATA,MEDIUM,週の開場（日 17:00 NY）から 3 時間以内。開場中のはずの時間帯,True,True,0,2020-03-29T22:00Z,2020-03-30T00:00Z
AUDUSD,1h@v1,2020-11-30T05:00Z,2020-12-01T00:00Z,19.0,2020,SOURCE_DATA_KNOWN,HIGH,2020-11-30 単発の大規模欠損。manifest の分類の注記に「既知の休場と一致しない」と明記,True,True,0,2020-11-30T04:00Z,2020-12-01T00:00Z
AUDUSD,1h@v1,2021-03-28T23:00Z,2021-03-29T00:00Z,1.0,2021,SOURCE_DATA,MEDIUM,週の開場（日 17:00 NY）から 3 時間以内。開場中のはずの時間帯,True,True,0,2021-03-28T22:00Z,2021-03-29T00:00Z
AUDUSD,1h@v1,2021-05-31T04:00Z,2021-06-01T00:00Z,20.0,2021,SOURCE_DATA_KNOWN,HIGH,2021-05-31 単発の大規模欠損。manifest の分類の注記に「既知の休場と一致しない」と明記,True,True,0,2021-05-31T03:00Z,2021-06-01T00:00Z
AUDUSD,1h@v1,2022-03-27T23:00Z,2022-03-28T00:00Z,1.0,2022,SOURCE_DATA,MEDIUM,週の開場（日 17:00 NY）から 3 時間以内。開場中のはずの時間帯,True,True,0,2022-03-27T22:00Z,2022-03-28T00:00Z
AUDUSD,1h@v1,2022-06-29T14:00Z,2022-06-29T15:00Z,1.0,2022,SOURCE_DATA,MEDIUM,上のパターンに当たらない 4 時間以下の欠落。休場宣言に該当なし,False,True,0,2022-06-29T13:00Z,2022-06-29T15:00Z
AUDUSD,1h@v1,2022-06-29T21:00Z,2022-06-29T22:00Z,1.0,2022,SOURCE_DATA,MEDIUM,上のパターンに当たらない 4 時間以下の欠落。休場宣言に該当なし,False,True,0,2022-06-29T20:00Z,2022-06-29T22:00Z
AUDUSD,1h@v1,2022-11-28T11:00Z,2022-11-28T12:00Z,1.0,2022,SOURCE_DATA,MEDIUM,上のパターンに当たらない 4 時間以下の欠落。休場宣言に該当なし,False,True,0,2022-11-28T10:00Z,2022-11-28T12:00Z
AUDUSD,1h@v1,2023-12-24T22:00Z,2023-12-24T23:00Z,1.0,2023,SOURCE_DATA,MEDIUM,週の開場（日 17:00 NY）から 3 時間以内。開場中のはずの時間帯,True,True,0,2023-12-22T21:00Z,2023-12-24T23:00Z
EURGBP,15m@v1,2016-12-25T22:00Z,2016-12-25T22:30Z,0.5,2016,SOURCE_DATA,MEDIUM,週の開場（日 17:00 NY）から 3 時間以内。開場中のはずの時間帯,False,False,0,2016-12-23T21:45Z,2016-12-25T22:30Z
EURGBP,15m@v1,2016-12-26T07:15Z,2016-12-26T23:00Z,15.75,2016,CALENDAR_UNDECLARED_OR_PARTLY_SOURCE,LOW,2016 年クリスマス翌日の大きな欠落。2016 年は休場宣言が無い年,True,True,0,2016-12-26T07:00Z,2016-12-26T23:00Z
EURGBP,15m@v1,2017-01-01T22:00Z,2017-01-02T07:00Z,9.0,2017,CALENDAR,LOW,2017 年元日（日曜）の週の開場（日 17:00 NY）から月 02:00 NY までの 9 時間。fx_ny17 v2 の休場宣言は 2017-12-25 から始まり、2017 年の元日の前後は未宣言。2018 年以降の元日の宣言（前日 17:00〜当日 17:00 NY の 24 時間）とは長さも位置も一致しない,True,True,0,2016-12-30T21:45Z,2017-01-02T07:00Z
EURGBP,15m@v1,2018-12-30T22:00Z,2018-12-31T00:00Z,2.0,2018,SOURCE_DATA,MEDIUM,週の開場（日 17:00 NY）から 3 時間以内。開場中のはずの時間帯,False,True,0,2018-12-28T21:45Z,2018-12-31T00:00Z
EURGBP,15m@v1,2019-03-31T23:00Z,2019-04-01T00:00Z,1.0,2019,SOURCE_DATA,MEDIUM,週の開場（日 17:00 NY）から 3 時間以内。開場中のはずの時間帯,True,True,0,2019-03-31T22:45Z,2019-04-01T00:00Z
EURGBP,15m@v1,2019-05-26T21:00Z,2019-05-27T10:00Z,13.0,2019,UNKNOWN,LOW,4 時間を超え、上のパターンに当たらない欠落。個別の確認が要る,False,True,0,2019-05-24T20:45Z,2019-05-27T10:00Z
EURGBP,15m@v1,2019-12-24T22:00Z,2019-12-24T22:45Z,0.75,2019,CALENDAR_ADJACENT_OR_SOURCE,LOW,クリスマスの短縮宣言に時間的に隣接する短い欠落。宣言区間そのものではない,True,False,0,2019-12-24T21:45Z,2019-12-24T22:45Z
EURGBP,15m@v1,2019-12-25T08:00Z,2019-12-25T09:00Z,1.0,2019,CALENDAR_ADJACENT_OR_SOURCE,LOW,クリスマスの短縮宣言に時間的に隣接する短い欠落。宣言区間そのものではない,False,True,0,2019-12-25T07:45Z,2019-12-25T22:00Z
EURGBP,15m@v1,2020-03-29T21:45Z,2020-03-29T22:00Z,0.25,2020,SOURCE_DATA,MEDIUM,週の開場（日 17:00 NY）から 3 時間以内。開場中のはずの時間帯,False,False,0,2020-03-29T21:30Z,2020-03-29T22:00Z
EURGBP,15m@v1,2020-03-29T23:00Z,2020-03-30T00:00Z,1.0,2020,SOURCE_DATA,MEDIUM,週の開場（日 17:00 NY）から 3 時間以内。開場中のはずの時間帯,True,True,0,2020-03-29T22:45Z,2020-03-30T00:00Z
EURGBP,15m@v1,2020-11-30T05:00Z,2020-12-01T00:00Z,19.0,2020,SOURCE_DATA_KNOWN,HIGH,2020-11-30 単発の大規模欠損。manifest の分類の注記に「既知の休場と一致しない」と明記,True,True,0,2020-11-30T04:45Z,2020-12-01T00:00Z
EURGBP,15m@v1,2020-12-24T23:30Z,2020-12-24T23:45Z,0.25,2020,CALENDAR_ADJACENT_OR_SOURCE,LOW,クリスマスの短縮宣言に時間的に隣接する短い欠落。宣言区間そのものではない,False,False,0,2020-12-24T23:15Z,2020-12-24T23:45Z
EURGBP,15m@v1,2020-12-25T07:00Z,2020-12-25T08:00Z,1.0,2020,CALENDAR_ADJACENT_OR_SOURCE,LOW,クリスマスの短縮宣言に時間的に隣接する短い欠落。宣言区間そのものではない,False,True,0,2020-12-25T06:45Z,2020-12-27T22:00Z
EURGBP,15m@v1,2021-03-28T23:00Z,2021-03-29T00:00Z,1.0,2021,SOURCE_DATA,MEDIUM,週の開場（日 17:00 NY）から 3 時間以内。開場中のはずの時間帯,True,True,0,2021-03-28T22:45Z,2021-03-29T00:00Z
EURGBP,15m@v1,2021-05-21T18:00Z,2021-05-21T19:00Z,1.0,2021,SOURCE_DATA,MEDIUM,上のパターンに当たらない 4 時間以下の欠落。休場宣言に該当なし,False,True,0,2021-05-21T17:45Z,2021-05-21T19:00Z
EURGBP,15m@v1,2021-05-31T04:00Z,2021-06-01T00:00Z,20.0,2021,SOURCE_DATA_KNOWN,HIGH,2021-05-31 単発の大規模欠損。manifest の分類の注記に「既知の休場と一致しない」と明記,True,True,0,2021-05-31T03:45Z,2021-06-01T00:00Z
EURGBP,15m@v1,2022-03-27T23:00Z,2022-03-28T00:00Z,1.0,2022,SOURCE_DATA,MEDIUM,週の開場（日 17:00 NY）から 3 時間以内。開場中のはずの時間帯,True,True,0,2022-03-27T22:45Z,2022-03-28T00:00Z
EURGBP,15m@v1,2022-12-22T22:00Z,2022-12-22T22:15Z,0.25,2022,SOURCE_DATA,MEDIUM,上のパターンに当たらない 4 時間以下の欠落。休場宣言に該当なし,False,False,0,2022-12-22T21:45Z,2022-12-22T22:15Z
EURGBP,15m@v1,2023-01-01T22:00Z,2023-01-01T23:15Z,1.25,2023,SOURCE_DATA,MEDIUM,週の開場（日 17:00 NY）から 3 時間以内。開場中のはずの時間帯,False,True,0,2022-12-30T21:45Z,2023-01-01T23:15Z
EURGBP,15m@v1,2023-09-25T10:15Z,2023-09-25T11:00Z,0.75,2023,SOURCE_DATA,MEDIUM,上のパターンに当たらない 4 時間以下の欠落。休場宣言に該当なし,True,False,0,2023-09-25T10:00Z,2023-09-25T11:00Z
EURGBP,15m@v1,2023-12-24T22:00Z,2023-12-24T23:00Z,1.0,2023,SOURCE_DATA,MEDIUM,週の開場（日 17:00 NY）から 3 時間以内。開場中のはずの時間帯,True,True,0,2023-12-22T21:45Z,2023-12-24T23:00Z
EURGBP,15m@v1,2023-12-24T23:30Z,2023-12-25T00:00Z,0.5,2023,SOURCE_DATA,MEDIUM,週の開場（日 17:00 NY）から 3 時間以内。開場中のはずの時間帯,False,False,0,2023-12-24T23:15Z,2023-12-25T00:00Z
EURGBP,1h@v1,2016-12-26T08:00Z,2016-12-26T23:00Z,15.0,2016,CALENDAR_UNDECLARED_OR_PARTLY_SOURCE,LOW,2016 年クリスマス翌日の大きな欠落。2016 年は休場宣言が無い年,True,True,0,2016-12-26T07:00Z,2016-12-26T23:00Z
EURGBP,1h@v1,2017-01-01T22:00Z,2017-01-02T07:00Z,9.0,2017,CALENDAR,LOW,2017 年元日（日曜）の週の開場（日 17:00 NY）から月 02:00 NY までの 9 時間。fx_ny17 v2 の休場宣言は 2017-12-25 から始まり、2017 年の元日の前後は未宣言。2018 年以降の元日の宣言（前日 17:00〜当日 17:00 NY の 24 時間）とは長さも位置も一致しない,True,True,0,2016-12-30T21:00Z,2017-01-02T07:00Z
EURGBP,1h@v1,2018-12-30T22:00Z,2018-12-31T00:00Z,2.0,2018,SOURCE_DATA,MEDIUM,週の開場（日 17:00 NY）から 3 時間以内。開場中のはずの時間帯,False,True,0,2018-12-28T21:00Z,2018-12-31T00:00Z
EURGBP,1h@v1,2019-03-31T23:00Z,2019-04-01T00:00Z,1.0,2019,SOURCE_DATA,MEDIUM,週の開場（日 17:00 NY）から 3 時間以内。開場中のはずの時間帯,True,True,0,2019-03-31T22:00Z,2019-04-01T00:00Z
EURGBP,1h@v1,2019-05-26T21:00Z,2019-05-27T10:00Z,13.0,2019,UNKNOWN,LOW,4 時間を超え、上のパターンに当たらない欠落。個別の確認が要る,False,True,0,2019-05-24T20:00Z,2019-05-27T10:00Z
EURGBP,1h@v1,2019-12-25T08:00Z,2019-12-25T09:00Z,1.0,2019,CALENDAR_ADJACENT_OR_SOURCE,LOW,クリスマスの短縮宣言に時間的に隣接する短い欠落。宣言区間そのものではない,False,True,0,2019-12-25T07:00Z,2019-12-25T22:00Z
EURGBP,1h@v1,2020-03-29T23:00Z,2020-03-30T00:00Z,1.0,2020,SOURCE_DATA,MEDIUM,週の開場（日 17:00 NY）から 3 時間以内。開場中のはずの時間帯,True,True,0,2020-03-29T22:00Z,2020-03-30T00:00Z
EURGBP,1h@v1,2020-11-30T05:00Z,2020-12-01T00:00Z,19.0,2020,SOURCE_DATA_KNOWN,HIGH,2020-11-30 単発の大規模欠損。manifest の分類の注記に「既知の休場と一致しない」と明記,True,True,0,2020-11-30T04:00Z,2020-12-01T00:00Z
EURGBP,1h@v1,2020-12-25T07:00Z,2020-12-25T08:00Z,1.0,2020,CALENDAR_ADJACENT_OR_SOURCE,LOW,クリスマスの短縮宣言に時間的に隣接する短い欠落。宣言区間そのものではない,False,True,0,2020-12-25T06:00Z,2020-12-27T22:00Z
EURGBP,1h@v1,2021-03-28T23:00Z,2021-03-29T00:00Z,1.0,2021,SOURCE_DATA,MEDIUM,週の開場（日 17:00 NY）から 3 時間以内。開場中のはずの時間帯,True,True,0,2021-03-28T22:00Z,2021-03-29T00:00Z
EURGBP,1h@v1,2021-05-21T18:00Z,2021-05-21T19:00Z,1.0,2021,SOURCE_DATA,MEDIUM,上のパターンに当たらない 4 時間以下の欠落。休場宣言に該当なし,False,True,0,2021-05-21T17:00Z,2021-05-21T19:00Z
EURGBP,1h@v1,2021-05-31T04:00Z,2021-06-01T00:00Z,20.0,2021,SOURCE_DATA_KNOWN,HIGH,2021-05-31 単発の大規模欠損。manifest の分類の注記に「既知の休場と一致しない」と明記,True,True,0,2021-05-31T03:00Z,2021-06-01T00:00Z
EURGBP,1h@v1,2022-03-27T23:00Z,2022-03-28T00:00Z,1.0,2022,SOURCE_DATA,MEDIUM,週の開場（日 17:00 NY）から 3 時間以内。開場中のはずの時間帯,True,True,0,2022-03-27T22:00Z,2022-03-28T00:00Z
EURGBP,1h@v1,2023-01-01T22:00Z,2023-01-01T23:00Z,1.0,2023,SOURCE_DATA,MEDIUM,週の開場（日 17:00 NY）から 3 時間以内。開場中のはずの時間帯,False,True,0,2022-12-30T21:00Z,2023-01-01T23:00Z
EURGBP,1h@v1,2023-12-24T22:00Z,2023-12-24T23:00Z,1.0,2023,SOURCE_DATA,MEDIUM,週の開場（日 17:00 NY）から 3 時間以内。開場中のはずの時間帯,True,True,0,2023-12-22T21:00Z,2023-12-24T23:00Z
EURJPY,15m@v1,2016-12-25T22:00Z,2016-12-25T22:30Z,0.5,2016,SOURCE_DATA,MEDIUM,週の開場（日 17:00 NY）から 3 時間以内。開場中のはずの時間帯,False,False,0,2016-12-23T21:45Z,2016-12-25T22:30Z
EURJPY,15m@v1,2016-12-26T07:00Z,2016-12-26T23:00Z,16.0,2016,CALENDAR_UNDECLARED_OR_PARTLY_SOURCE,LOW,2016 年クリスマス翌日の大きな欠落。2016 年は休場宣言が無い年,False,True,0,2016-12-26T06:45Z,2016-12-26T23:00Z
EURJPY,15m@v1,2017-01-01T22:00Z,2017-01-02T07:00Z,9.0,2017,CALENDAR,LOW,2017 年元日（日曜）の週の開場（日 17:00 NY）から月 02:00 NY までの 9 時間。fx_ny17 v2 の休場宣言は 2017-12-25 から始まり、2017 年の元日の前後は未宣言。2018 年以降の元日の宣言（前日 17:00〜当日 17:00 NY の 24 時間）とは長さも位置も一致しない,True,True,0,2016-12-30T21:45Z,2017-01-02T07:00Z
EURJPY,15m@v1,2019-03-31T23:00Z,2019-04-01T00:00Z,1.0,2019,SOURCE_DATA,MEDIUM,週の開場（日 17:00 NY）から 3 時間以内。開場中のはずの時間帯,True,True,0,2019-03-31T22:45Z,2019-04-01T00:00Z
EURJPY,15m@v1,2019-05-26T21:00Z,2019-05-27T02:00Z,5.0,2019,UNKNOWN,LOW,4 時間を超え、上のパターンに当たらない欠落。個別の確認が要る,False,True,0,2019-05-24T20:45Z,2019-05-27T02:00Z
EURJPY,15m@v1,2019-05-27T03:00Z,2019-05-27T08:00Z,5.0,2019,UNKNOWN,LOW,4 時間を超え、上のパターンに当たらない欠落。個別の確認が要る,False,True,0,2019-05-27T02:45Z,2019-05-27T08:00Z
EURJPY,15m@v1,2019-05-27T09:00Z,2019-05-27T10:00Z,1.0,2019,SOURCE_DATA,MEDIUM,上のパターンに当たらない 4 時間以下の欠落。休場宣言に該当なし,False,True,0,2019-05-27T08:45Z,2019-05-27T10:00Z
EURJPY,15m@v1,2019-12-24T22:00Z,2019-12-24T22:45Z,0.75,2019,CALENDAR_ADJACENT_OR_SOURCE,LOW,クリスマスの短縮宣言に時間的に隣接する短い欠落。宣言区間そのものではない,True,False,0,2019-12-24T21:45Z,2019-12-24T22:45Z
EURJPY,15m@v1,2019-12-25T08:00Z,2019-12-25T09:00Z,1.0,2019,CALENDAR_ADJACENT_OR_SOURCE,LOW,クリスマスの短縮宣言に時間的に隣接する短い欠落。宣言区間そのものではない,False,True,0,2019-12-25T07:45Z,2019-12-25T22:00Z
EURJPY,15m@v1,2020-03-29T23:00Z,2020-03-30T00:00Z,1.0,2020,SOURCE_DATA,MEDIUM,週の開場（日 17:00 NY）から 3 時間以内。開場中のはずの時間帯,True,True,0,2020-03-29T22:45Z,2020-03-30T00:00Z
EURJPY,15m@v1,2020-11-30T05:00Z,2020-12-01T00:00Z,19.0,2020,SOURCE_DATA_KNOWN,HIGH,2020-11-30 単発の大規模欠損。manifest の分類の注記に「既知の休場と一致しない」と明記,True,True,0,2020-11-30T04:45Z,2020-12-01T00:00Z
EURJPY,15m@v1,2020-12-25T07:45Z,2020-12-25T08:00Z,0.25,2020,CALENDAR_ADJACENT_OR_SOURCE,LOW,クリスマスの短縮宣言に時間的に隣接する短い欠落。宣言区間そのものではない,False,False,0,2020-12-25T07:30Z,2020-12-27T22:00Z
EURJPY,15m@v1,2021-03-28T23:00Z,2021-03-29T00:00Z,1.0,2021,SOURCE_DATA,MEDIUM,週の開場（日 17:00 NY）から 3 時間以内。開場中のはずの時間帯,True,True,0,2021-03-28T22:45Z,2021-03-29T00:00Z
EURJPY,15m@v1,2021-05-31T04:00Z,2021-06-01T00:00Z,20.0,2021,SOURCE_DATA_KNOWN,HIGH,2021-05-31 単発の大規模欠損。manifest の分類の注記に「既知の休場と一致しない」と明記,True,True,0,2021-05-31T03:45Z,2021-06-01T00:00Z
EURJPY,15m@v1,2021-12-26T22:00Z,2021-12-26T22:15Z,0.25,2021,SOURCE_DATA,MEDIUM,週の開場（日 17:00 NY）から 3 時間以内。開場中のはずの時間帯,False,False,0,2021-12-24T21:45Z,2021-12-26T22:15Z
EURJPY,15m@v1,2022-03-27T23:00Z,2022-03-28T00:00Z,1.0,2022,SOURCE_DATA,MEDIUM,週の開場（日 17:00 NY）から 3 時間以内。開場中のはずの時間帯,True,True,0,2022-03-27T22:45Z,2022-03-28T00:00Z
EURJPY,15m@v1,2022-05-08T21:00Z,2022-05-08T21:15Z,0.25,2022,SOURCE_DATA,MEDIUM,週の開場（日 17:00 NY）から 3 時間以内。開場中のはずの時間帯,False,False,0,2022-05-06T20:45Z,2022-05-08T21:15Z
EURJPY,15m@v1,2022-05-15T21:00Z,2022-05-15T21:15Z,0.25,2022,SOURCE_DATA,MEDIUM,週の開場（日 17:00 NY）から 3 時間以内。開場中のはずの時間帯,False,False,0,2022-05-13T20:45Z,2022-05-15T21:15Z
EURJPY,15m@v1,2022-06-15T09:00Z,2022-06-15T10:00Z,1.0,2022,SOURCE_DATA,MEDIUM,上のパターンに当たらない 4 時間以下の欠落。休場宣言に該当なし,False,True,0,2022-06-15T08:45Z,2022-06-15T10:00Z
EURJPY,15m@v1,2022-06-26T21:00Z,2022-06-26T21:30Z,0.5,2022,SOURCE_DATA,MEDIUM,週の開場（日 17:00 NY）から 3 時間以内。開場中のはずの時間帯,False,False,0,2022-06-24T20:45Z,2022-06-26T21:30Z
EURJPY,15m@v1,2022-07-19T19:00Z,2022-07-19T20:00Z,1.0,2022,SOURCE_DATA,MEDIUM,上のパターンに当たらない 4 時間以下の欠落。休場宣言に該当なし,False,True,0,2022-07-19T18:45Z,2022-07-19T20:00Z
EURJPY,15m@v1,2022-11-28T09:00Z,2022-11-28T10:00Z,1.0,2022,SOURCE_DATA,MEDIUM,上のパターンに当たらない 4 時間以下の欠落。休場宣言に該当なし,False,True,0,2022-11-28T08:45Z,2022-11-28T10:00Z
EURJPY,15m@v1,2022-11-28T19:00Z,2022-11-28T20:00Z,1.0,2022,SOURCE_DATA,MEDIUM,上のパターンに当たらない 4 時間以下の欠落。休場宣言に該当なし,False,True,0,2022-11-28T18:45Z,2022-11-28T20:00Z
EURJPY,15m@v1,2022-12-25T22:30Z,2022-12-25T23:00Z,0.5,2022,SOURCE_DATA,MEDIUM,週の開場（日 17:00 NY）から 3 時間以内。開場中のはずの時間帯,False,False,0,2022-12-25T22:15Z,2022-12-25T23:00Z
EURJPY,15m@v1,2023-01-01T22:00Z,2023-01-01T23:45Z,1.75,2023,SOURCE_DATA,MEDIUM,週の開場（日 17:00 NY）から 3 時間以内。開場中のはずの時間帯,False,True,0,2022-12-30T21:45Z,2023-01-01T23:45Z
EURJPY,15m@v1,2023-09-25T10:15Z,2023-09-25T11:00Z,0.75,2023,SOURCE_DATA,MEDIUM,上のパターンに当たらない 4 時間以下の欠落。休場宣言に該当なし,True,False,0,2023-09-25T10:00Z,2023-09-25T11:00Z
EURJPY,15m@v1,2023-12-24T22:00Z,2023-12-24T23:30Z,1.5,2023,SOURCE_DATA,MEDIUM,週の開場（日 17:00 NY）から 3 時間以内。開場中のはずの時間帯,False,True,0,2023-12-22T21:45Z,2023-12-24T23:30Z
EURJPY,15m@v1,2023-12-25T05:45Z,2023-12-25T06:00Z,0.25,2023,CALENDAR_ADJACENT_OR_SOURCE,LOW,クリスマスの短縮宣言に時間的に隣接する短い欠落。宣言区間そのものではない,False,False,0,2023-12-25T05:30Z,2023-12-25T06:00Z
EURJPY,15m@v1,2023-12-25T07:15Z,2023-12-25T08:00Z,0.75,2023,CALENDAR_ADJACENT_OR_SOURCE,LOW,クリスマスの短縮宣言に時間的に隣接する短い欠落。宣言区間そのものではない,False,False,0,2023-12-25T07:00Z,2023-12-25T22:15Z
EURJPY,15m@v1,2023-12-25T22:00Z,2023-12-25T22:15Z,0.25,2023,CALENDAR_ADJACENT_OR_SOURCE,LOW,クリスマスの短縮宣言に時間的に隣接する短い欠落。宣言区間そのものではない,False,False,0,2023-12-25T07:00Z,2023-12-25T22:15Z
EURJPY,1h@v1,2016-12-26T07:00Z,2016-12-26T23:00Z,16.0,2016,CALENDAR_UNDECLARED_OR_PARTLY_SOURCE,LOW,2016 年クリスマス翌日の大きな欠落。2016 年は休場宣言が無い年,False,True,0,2016-12-26T06:00Z,2016-12-26T23:00Z
EURJPY,1h@v1,2017-01-01T22:00Z,2017-01-02T07:00Z,9.0,2017,CALENDAR,LOW,2017 年元日（日曜）の週の開場（日 17:00 NY）から月 02:00 NY までの 9 時間。fx_ny17 v2 の休場宣言は 2017-12-25 から始まり、2017 年の元日の前後は未宣言。2018 年以降の元日の宣言（前日 17:00〜当日 17:00 NY の 24 時間）とは長さも位置も一致しない,True,True,0,2016-12-30T21:00Z,2017-01-02T07:00Z
EURJPY,1h@v1,2019-03-31T23:00Z,2019-04-01T00:00Z,1.0,2019,SOURCE_DATA,MEDIUM,週の開場（日 17:00 NY）から 3 時間以内。開場中のはずの時間帯,True,True,0,2019-03-31T22:00Z,2019-04-01T00:00Z
EURJPY,1h@v1,2019-05-26T21:00Z,2019-05-27T02:00Z,5.0,2019,UNKNOWN,LOW,4 時間を超え、上のパターンに当たらない欠落。個別の確認が要る,False,True,0,2019-05-24T20:00Z,2019-05-27T02:00Z
EURJPY,1h@v1,2019-05-27T03:00Z,2019-05-27T08:00Z,5.0,2019,UNKNOWN,LOW,4 時間を超え、上のパターンに当たらない欠落。個別の確認が要る,False,True,0,2019-05-27T02:00Z,2019-05-27T08:00Z
EURJPY,1h@v1,2019-05-27T09:00Z,2019-05-27T10:00Z,1.0,2019,SOURCE_DATA,MEDIUM,上のパターンに当たらない 4 時間以下の欠落。休場宣言に該当なし,False,True,0,2019-05-27T08:00Z,2019-05-27T10:00Z
EURJPY,1h@v1,2019-12-25T08:00Z,2019-12-25T09:00Z,1.0,2019,CALENDAR_ADJACENT_OR_SOURCE,LOW,クリスマスの短縮宣言に時間的に隣接する短い欠落。宣言区間そのものではない,False,True,0,2019-12-25T07:00Z,2019-12-25T22:00Z
EURJPY,1h@v1,2020-03-29T23:00Z,2020-03-30T00:00Z,1.0,2020,SOURCE_DATA,MEDIUM,週の開場（日 17:00 NY）から 3 時間以内。開場中のはずの時間帯,True,True,0,2020-03-29T22:00Z,2020-03-30T00:00Z
EURJPY,1h@v1,2020-11-30T05:00Z,2020-12-01T00:00Z,19.0,2020,SOURCE_DATA_KNOWN,HIGH,2020-11-30 単発の大規模欠損。manifest の分類の注記に「既知の休場と一致しない」と明記,True,True,0,2020-11-30T04:00Z,2020-12-01T00:00Z
EURJPY,1h@v1,2021-03-28T23:00Z,2021-03-29T00:00Z,1.0,2021,SOURCE_DATA,MEDIUM,週の開場（日 17:00 NY）から 3 時間以内。開場中のはずの時間帯,True,True,0,2021-03-28T22:00Z,2021-03-29T00:00Z
EURJPY,1h@v1,2021-05-31T04:00Z,2021-06-01T00:00Z,20.0,2021,SOURCE_DATA_KNOWN,HIGH,2021-05-31 単発の大規模欠損。manifest の分類の注記に「既知の休場と一致しない」と明記,True,True,0,2021-05-31T03:00Z,2021-06-01T00:00Z
EURJPY,1h@v1,2022-03-27T23:00Z,2022-03-28T00:00Z,1.0,2022,SOURCE_DATA,MEDIUM,週の開場（日 17:00 NY）から 3 時間以内。開場中のはずの時間帯,True,True,0,2022-03-27T22:00Z,2022-03-28T00:00Z
EURJPY,1h@v1,2022-06-15T09:00Z,2022-06-15T10:00Z,1.0,2022,SOURCE_DATA,MEDIUM,上のパターンに当たらない 4 時間以下の欠落。休場宣言に該当なし,False,True,0,2022-06-15T08:00Z,2022-06-15T10:00Z
EURJPY,1h@v1,2022-07-19T19:00Z,2022-07-19T20:00Z,1.0,2022,SOURCE_DATA,MEDIUM,上のパターンに当たらない 4 時間以下の欠落。休場宣言に該当なし,False,True,0,2022-07-19T18:00Z,2022-07-19T20:00Z
EURJPY,1h@v1,2022-11-28T09:00Z,2022-11-28T10:00Z,1.0,2022,SOURCE_DATA,MEDIUM,上のパターンに当たらない 4 時間以下の欠落。休場宣言に該当なし,False,True,0,2022-11-28T08:00Z,2022-11-28T10:00Z
EURJPY,1h@v1,2022-11-28T19:00Z,2022-11-28T20:00Z,1.0,2022,SOURCE_DATA,MEDIUM,上のパターンに当たらない 4 時間以下の欠落。休場宣言に該当なし,False,True,0,2022-11-28T18:00Z,2022-11-28T20:00Z
EURJPY,1h@v1,2023-01-01T22:00Z,2023-01-01T23:00Z,1.0,2023,SOURCE_DATA,MEDIUM,週の開場（日 17:00 NY）から 3 時間以内。開場中のはずの時間帯,False,True,0,2022-12-30T21:00Z,2023-01-01T23:00Z
EURJPY,1h@v1,2023-12-24T22:00Z,2023-12-24T23:00Z,1.0,2023,SOURCE_DATA,MEDIUM,週の開場（日 17:00 NY）から 3 時間以内。開場中のはずの時間帯,True,True,0,2023-12-22T21:00Z,2023-12-24T23:00Z
EURUSD,15m@v1,2016-12-25T22:00Z,2016-12-25T22:30Z,0.5,2016,SOURCE_DATA,MEDIUM,週の開場（日 17:00 NY）から 3 時間以内。開場中のはずの時間帯,False,False,0,2016-12-23T21:45Z,2016-12-25T22:30Z
EURUSD,15m@v1,2016-12-26T07:00Z,2016-12-26T23:00Z,16.0,2016,CALENDAR_UNDECLARED_OR_PARTLY_SOURCE,LOW,2016 年クリスマス翌日の大きな欠落。2016 年は休場宣言が無い年,False,True,0,2016-12-26T06:45Z,2016-12-26T23:00Z
EURUSD,15m@v1,2017-01-01T22:00Z,2017-01-02T07:00Z,9.0,2017,CALENDAR,LOW,2017 年元日（日曜）の週の開場（日 17:00 NY）から月 02:00 NY までの 9 時間。fx_ny17 v2 の休場宣言は 2017-12-25 から始まり、2017 年の元日の前後は未宣言。2018 年以降の元日の宣言（前日 17:00〜当日 17:00 NY の 24 時間）とは長さも位置も一致しない,True,True,0,2016-12-30T21:45Z,2017-01-02T07:00Z
EURUSD,15m@v1,2019-03-31T23:00Z,2019-04-01T00:00Z,1.0,2019,SOURCE_DATA,MEDIUM,週の開場（日 17:00 NY）から 3 時間以内。開場中のはずの時間帯,True,True,0,2019-03-31T22:45Z,2019-04-01T00:00Z
EURUSD,15m@v1,2019-05-26T21:00Z,2019-05-27T03:00Z,6.0,2019,UNKNOWN,LOW,4 時間を超え、上のパターンに当たらない欠落。個別の確認が要る,False,True,0,2019-05-24T20:45Z,2019-05-27T03:00Z
EURUSD,15m@v1,2019-05-27T04:00Z,2019-05-27T10:00Z,6.0,2019,UNKNOWN,LOW,4 時間を超え、上のパターンに当たらない欠落。個別の確認が要る,False,True,0,2019-05-27T03:45Z,2019-05-27T10:00Z
EURUSD,15m@v1,2019-12-24T22:00Z,2019-12-24T22:45Z,0.75,2019,CALENDAR_ADJACENT_OR_SOURCE,LOW,クリスマスの短縮宣言に時間的に隣接する短い欠落。宣言区間そのものではない,True,False,0,2019-12-24T21:45Z,2019-12-24T22:45Z
EURUSD,15m@v1,2019-12-25T08:00Z,2019-12-25T09:00Z,1.0,2019,CALENDAR_ADJACENT_OR_SOURCE,LOW,クリスマスの短縮宣言に時間的に隣接する短い欠落。宣言区間そのものではない,False,True,0,2019-12-25T07:45Z,2019-12-25T22:00Z
EURUSD,15m@v1,2020-03-29T23:00Z,2020-03-30T00:00Z,1.0,2020,SOURCE_DATA,MEDIUM,週の開場（日 17:00 NY）から 3 時間以内。開場中のはずの時間帯,True,True,0,2020-03-29T22:45Z,2020-03-30T00:00Z
EURUSD,15m@v1,2020-11-30T05:00Z,2020-12-01T00:00Z,19.0,2020,SOURCE_DATA_KNOWN,HIGH,2020-11-30 単発の大規模欠損。manifest の分類の注記に「既知の休場と一致しない」と明記,True,True,0,2020-11-30T04:45Z,2020-12-01T00:00Z
EURUSD,15m@v1,2020-12-24T22:15Z,2020-12-24T22:30Z,0.25,2020,CALENDAR_ADJACENT_OR_SOURCE,LOW,クリスマスの短縮宣言に時間的に隣接する短い欠落。宣言区間そのものではない,False,False,0,2020-12-24T22:00Z,2020-12-24T22:30Z
EURUSD,15m@v1,2021-03-28T23:00Z,2021-03-29T00:00Z,1.0,2021,SOURCE_DATA,MEDIUM,週の開場（日 17:00 NY）から 3 時間以内。開場中のはずの時間帯,True,True,0,2021-03-28T22:45Z,2021-03-29T00:00Z
EURUSD,15m@v1,2021-04-20T21:15Z,2021-04-20T21:30Z,0.25,2021,SOURCE_DATA,MEDIUM,上のパターンに当たらない 4 時間以下の欠落。休場宣言に該当なし,False,False,0,2021-04-20T21:00Z,2021-04-20T21:30Z
EURUSD,15m@v1,2021-05-31T04:00Z,2021-06-01T00:00Z,20.0,2021,SOURCE_DATA_KNOWN,HIGH,2021-05-31 単発の大規模欠損。manifest の分類の注記に「既知の休場と一致しない」と明記,True,True,0,2021-05-31T03:45Z,2021-06-01T00:00Z
EURUSD,15m@v1,2022-03-27T23:00Z,2022-03-28T00:00Z,1.0,2022,SOURCE_DATA,MEDIUM,週の開場（日 17:00 NY）から 3 時間以内。開場中のはずの時間帯,True,True,0,2022-03-27T22:45Z,2022-03-28T00:00Z
EURUSD,15m@v1,2023-01-27T11:00Z,2023-01-27T12:00Z,1.0,2023,SOURCE_DATA,MEDIUM,上のパターンに当たらない 4 時間以下の欠落。休場宣言に該当なし,False,True,0,2023-01-27T10:45Z,2023-01-27T12:00Z
EURUSD,15m@v1,2023-09-25T10:15Z,2023-09-25T11:00Z,0.75,2023,SOURCE_DATA,MEDIUM,上のパターンに当たらない 4 時間以下の欠落。休場宣言に該当なし,True,False,0,2023-09-25T10:00Z,2023-09-25T11:00Z
EURUSD,15m@v1,2023-12-24T22:00Z,2023-12-24T23:00Z,1.0,2023,SOURCE_DATA,MEDIUM,週の開場（日 17:00 NY）から 3 時間以内。開場中のはずの時間帯,True,True,0,2023-12-22T21:45Z,2023-12-24T23:00Z
EURUSD,15m@v1,2023-12-24T23:15Z,2023-12-24T23:30Z,0.25,2023,SOURCE_DATA,MEDIUM,週の開場（日 17:00 NY）から 3 時間以内。開場中のはずの時間帯,False,False,0,2023-12-24T23:00Z,2023-12-24T23:30Z
EURUSD,1h@v1,2016-12-26T07:00Z,2016-12-26T23:00Z,16.0,2016,CALENDAR_UNDECLARED_OR_PARTLY_SOURCE,LOW,2016 年クリスマス翌日の大きな欠落。2016 年は休場宣言が無い年,False,True,0,2016-12-26T06:00Z,2016-12-26T23:00Z
EURUSD,1h@v1,2017-01-01T22:00Z,2017-01-02T07:00Z,9.0,2017,CALENDAR,LOW,2017 年元日（日曜）の週の開場（日 17:00 NY）から月 02:00 NY までの 9 時間。fx_ny17 v2 の休場宣言は 2017-12-25 から始まり、2017 年の元日の前後は未宣言。2018 年以降の元日の宣言（前日 17:00〜当日 17:00 NY の 24 時間）とは長さも位置も一致しない,True,True,0,2016-12-30T21:00Z,2017-01-02T07:00Z
EURUSD,1h@v1,2019-03-31T23:00Z,2019-04-01T00:00Z,1.0,2019,SOURCE_DATA,MEDIUM,週の開場（日 17:00 NY）から 3 時間以内。開場中のはずの時間帯,True,True,0,2019-03-31T22:00Z,2019-04-01T00:00Z
EURUSD,1h@v1,2019-05-26T21:00Z,2019-05-27T03:00Z,6.0,2019,UNKNOWN,LOW,4 時間を超え、上のパターンに当たらない欠落。個別の確認が要る,False,True,0,2019-05-24T20:00Z,2019-05-27T03:00Z
EURUSD,1h@v1,2019-05-27T04:00Z,2019-05-27T10:00Z,6.0,2019,UNKNOWN,LOW,4 時間を超え、上のパターンに当たらない欠落。個別の確認が要る,False,True,0,2019-05-27T03:00Z,2019-05-27T10:00Z
EURUSD,1h@v1,2019-12-25T08:00Z,2019-12-25T09:00Z,1.0,2019,CALENDAR_ADJACENT_OR_SOURCE,LOW,クリスマスの短縮宣言に時間的に隣接する短い欠落。宣言区間そのものではない,False,True,0,2019-12-25T07:00Z,2019-12-25T22:00Z
EURUSD,1h@v1,2020-03-29T23:00Z,2020-03-30T00:00Z,1.0,2020,SOURCE_DATA,MEDIUM,週の開場（日 17:00 NY）から 3 時間以内。開場中のはずの時間帯,True,True,0,2020-03-29T22:00Z,2020-03-30T00:00Z
EURUSD,1h@v1,2020-11-30T05:00Z,2020-12-01T00:00Z,19.0,2020,SOURCE_DATA_KNOWN,HIGH,2020-11-30 単発の大規模欠損。manifest の分類の注記に「既知の休場と一致しない」と明記,True,True,0,2020-11-30T04:00Z,2020-12-01T00:00Z
EURUSD,1h@v1,2021-03-28T23:00Z,2021-03-29T00:00Z,1.0,2021,SOURCE_DATA,MEDIUM,週の開場（日 17:00 NY）から 3 時間以内。開場中のはずの時間帯,True,True,0,2021-03-28T22:00Z,2021-03-29T00:00Z
EURUSD,1h@v1,2021-05-31T04:00Z,2021-06-01T00:00Z,20.0,2021,SOURCE_DATA_KNOWN,HIGH,2021-05-31 単発の大規模欠損。manifest の分類の注記に「既知の休場と一致しない」と明記,True,True,0,2021-05-31T03:00Z,2021-06-01T00:00Z
EURUSD,1h@v1,2022-03-27T23:00Z,2022-03-28T00:00Z,1.0,2022,SOURCE_DATA,MEDIUM,週の開場（日 17:00 NY）から 3 時間以内。開場中のはずの時間帯,True,True,0,2022-03-27T22:00Z,2022-03-28T00:00Z
EURUSD,1h@v1,2023-01-27T11:00Z,2023-01-27T12:00Z,1.0,2023,SOURCE_DATA,MEDIUM,上のパターンに当たらない 4 時間以下の欠落。休場宣言に該当なし,False,True,0,2023-01-27T10:00Z,2023-01-27T12:00Z
EURUSD,1h@v1,2023-12-24T22:00Z,2023-12-24T23:00Z,1.0,2023,SOURCE_DATA,MEDIUM,週の開場（日 17:00 NY）から 3 時間以内。開場中のはずの時間帯,True,True,0,2023-12-22T21:00Z,2023-12-24T23:00Z
GBPJPY,15m@v1,2016-12-25T22:00Z,2016-12-25T22:30Z,0.5,2016,SOURCE_DATA,MEDIUM,週の開場（日 17:00 NY）から 3 時間以内。開場中のはずの時間帯,False,False,0,2016-12-23T21:45Z,2016-12-25T22:30Z
GBPJPY,15m@v1,2016-12-26T07:00Z,2016-12-26T23:00Z,16.0,2016,CALENDAR_UNDECLARED_OR_PARTLY_SOURCE,LOW,2016 年クリスマス翌日の大きな欠落。2016 年は休場宣言が無い年,False,True,0,2016-12-26T06:45Z,2016-12-26T23:00Z
GBPJPY,15m@v1,2017-01-01T22:00Z,2017-01-02T07:00Z,9.0,2017,CALENDAR,LOW,2017 年元日（日曜）の週の開場（日 17:00 NY）から月 02:00 NY までの 9 時間。fx_ny17 v2 の休場宣言は 2017-12-25 から始まり、2017 年の元日の前後は未宣言。2018 年以降の元日の宣言（前日 17:00〜当日 17:00 NY の 24 時間）とは長さも位置も一致しない,True,True,0,2016-12-30T21:45Z,2017-01-02T07:00Z
GBPJPY,15m@v1,2018-12-24T22:45Z,2018-12-24T23:00Z,0.25,2018,CALENDAR_ADJACENT_OR_SOURCE,LOW,クリスマスの短縮宣言に時間的に隣接する短い欠落。宣言区間そのものではない,False,False,0,2018-12-24T22:30Z,2018-12-24T23:00Z
GBPJPY,15m@v1,2019-03-10T21:00Z,2019-03-10T22:00Z,1.0,2019,SOURCE_DATA,MEDIUM,週の開場（日 17:00 NY）から 3 時間以内。開場中のはずの時間帯,False,True,0,2019-03-08T21:45Z,2019-03-10T22:00Z
GBPJPY,15m@v1,2019-03-31T23:00Z,2019-04-01T00:00Z,1.0,2019,SOURCE_DATA,MEDIUM,週の開場（日 17:00 NY）から 3 時間以内。開場中のはずの時間帯,True,True,0,2019-03-31T22:45Z,2019-04-01T00:00Z
GBPJPY,15m@v1,2019-05-26T21:00Z,2019-05-27T05:00Z,8.0,2019,UNKNOWN,LOW,4 時間を超え、上のパターンに当たらない欠落。個別の確認が要る,False,True,0,2019-05-24T20:45Z,2019-05-27T05:00Z
GBPJPY,15m@v1,2019-05-27T06:00Z,2019-05-27T10:00Z,4.0,2019,SOURCE_DATA,MEDIUM,上のパターンに当たらない 4 時間以下の欠落。休場宣言に該当なし,False,True,0,2019-05-27T05:45Z,2019-05-27T10:00Z
GBPJPY,15m@v1,2019-12-24T22:00Z,2019-12-24T22:45Z,0.75,2019,CALENDAR_ADJACENT_OR_SOURCE,LOW,クリスマスの短縮宣言に時間的に隣接する短い欠落。宣言区間そのものではない,True,False,0,2019-12-24T21:45Z,2019-12-24T22:45Z
GBPJPY,15m@v1,2019-12-25T08:00Z,2019-12-25T09:00Z,1.0,2019,CALENDAR_ADJACENT_OR_SOURCE,LOW,クリスマスの短縮宣言に時間的に隣接する短い欠落。宣言区間そのものではない,False,True,0,2019-12-25T07:45Z,2019-12-25T22:00Z
GBPJPY,15m@v1,2020-03-29T23:00Z,2020-03-30T00:00Z,1.0,2020,SOURCE_DATA,MEDIUM,週の開場（日 17:00 NY）から 3 時間以内。開場中のはずの時間帯,True,True,0,2020-03-29T22:45Z,2020-03-30T00:00Z
GBPJPY,15m@v1,2020-11-30T05:00Z,2020-12-01T00:00Z,19.0,2020,SOURCE_DATA_KNOWN,HIGH,2020-11-30 単発の大規模欠損。manifest の分類の注記に「既知の休場と一致しない」と明記,True,True,0,2020-11-30T04:45Z,2020-12-01T00:00Z
GBPJPY,15m@v1,2020-12-25T07:00Z,2020-12-25T07:15Z,0.25,2020,CALENDAR_ADJACENT_OR_SOURCE,LOW,クリスマスの短縮宣言に時間的に隣接する短い欠落。宣言区間そのものではない,False,False,0,2020-12-25T06:45Z,2020-12-25T07:15Z
GBPJPY,15m@v1,2020-12-25T07:30Z,2020-12-25T08:00Z,0.5,2020,CALENDAR_ADJACENT_OR_SOURCE,LOW,クリスマスの短縮宣言に時間的に隣接する短い欠落。宣言区間そのものではない,False,False,0,2020-12-25T07:15Z,2020-12-27T22:00Z
GBPJPY,15m@v1,2021-03-28T23:00Z,2021-03-29T00:00Z,1.0,2021,SOURCE_DATA,MEDIUM,週の開場（日 17:00 NY）から 3 時間以内。開場中のはずの時間帯,True,True,0,2021-03-28T22:45Z,2021-03-29T00:00Z
GBPJPY,15m@v1,2021-05-31T04:00Z,2021-06-01T00:00Z,20.0,2021,SOURCE_DATA_KNOWN,HIGH,2021-05-31 単発の大規模欠損。manifest の分類の注記に「既知の休場と一致しない」と明記,True,True,0,2021-05-31T03:45Z,2021-06-01T00:00Z
GBPJPY,15m@v1,2021-12-05T22:00Z,2021-12-05T22:30Z,0.5,2021,SOURCE_DATA,MEDIUM,週の開場（日 17:00 NY）から 3 時間以内。開場中のはずの時間帯,False,False,0,2021-12-03T21:45Z,2021-12-05T22:30Z
GBPJPY,15m@v1,2022-01-02T22:00Z,2022-01-02T22:15Z,0.25,2022,SOURCE_DATA,MEDIUM,週の開場（日 17:00 NY）から 3 時間以内。開場中のはずの時間帯,False,False,0,2021-12-31T21:45Z,2022-01-02T22:15Z
GBPJPY,15m@v1,2022-03-27T23:00Z,2022-03-28T00:00Z,1.0,2022,SOURCE_DATA,MEDIUM,週の開場（日 17:00 NY）から 3 時間以内。開場中のはずの時間帯,True,True,0,2022-03-27T22:45Z,2022-03-28T00:00Z
GBPJPY,15m@v1,2022-06-20T21:00Z,2022-06-20T21:15Z,0.25,2022,SOURCE_DATA,MEDIUM,上のパターンに当たらない 4 時間以下の欠落。休場宣言に該当なし,False,False,0,2022-06-20T20:45Z,2022-06-20T21:15Z
GBPJPY,15m@v1,2022-06-26T21:00Z,2022-06-26T21:30Z,0.5,2022,SOURCE_DATA,MEDIUM,週の開場（日 17:00 NY）から 3 時間以内。開場中のはずの時間帯,False,False,0,2022-06-24T20:45Z,2022-06-26T21:30Z
GBPJPY,15m@v1,2022-07-19T02:00Z,2022-07-19T03:00Z,1.0,2022,SOURCE_DATA,MEDIUM,上のパターンに当たらない 4 時間以下の欠落。休場宣言に該当なし,False,True,0,2022-07-19T01:45Z,2022-07-19T03:00Z
GBPJPY,15m@v1,2022-07-19T11:00Z,2022-07-19T12:00Z,1.0,2022,SOURCE_DATA,MEDIUM,上のパターンに当たらない 4 時間以下の欠落。休場宣言に該当なし,False,True,0,2022-07-19T10:45Z,2022-07-19T12:00Z
GBPJPY,15m@v1,2022-08-08T21:00Z,2022-08-08T21:15Z,0.25,2022,SOURCE_DATA,MEDIUM,上のパターンに当たらない 4 時間以下の欠落。休場宣言に該当なし,False,False,0,2022-08-08T20:45Z,2022-08-08T21:15Z
GBPJPY,15m@v1,2022-08-14T21:00Z,2022-08-14T21:15Z,0.25,2022,SOURCE_DATA,MEDIUM,週の開場（日 17:00 NY）から 3 時間以内。開場中のはずの時間帯,False,False,0,2022-08-12T20:45Z,2022-08-14T21:15Z
GBPJPY,15m@v1,2022-10-02T21:00Z,2022-10-02T21:15Z,0.25,2022,SOURCE_DATA,MEDIUM,週の開場（日 17:00 NY）から 3 時間以内。開場中のはずの時間帯,False,False,0,2022-09-30T20:45Z,2022-10-02T21:15Z
GBPJPY,15m@v1,2022-12-04T22:00Z,2022-12-04T22:15Z,0.25,2022,SOURCE_DATA,MEDIUM,週の開場（日 17:00 NY）から 3 時間以内。開場中のはずの時間帯,False,False,0,2022-12-02T21:45Z,2022-12-04T22:15Z
GBPJPY,15m@v1,2022-12-25T22:15Z,2022-12-25T22:45Z,0.5,2022,SOURCE_DATA,MEDIUM,週の開場（日 17:00 NY）から 3 時間以内。開場中のはずの時間帯,False,False,0,2022-12-25T22:00Z,2022-12-25T22:45Z
GBPJPY,15m@v1,2022-12-27T22:00Z,2022-12-27T22:15Z,0.25,2022,SOURCE_DATA,MEDIUM,上のパターンに当たらない 4 時間以下の欠落。休場宣言に該当なし,False,False,0,2022-12-27T21:45Z,2022-12-27T22:15Z
GBPJPY,15m@v1,2023-01-01T22:00Z,2023-01-01T23:30Z,1.5,2023,SOURCE_DATA,MEDIUM,週の開場（日 17:00 NY）から 3 時間以内。開場中のはずの時間帯,False,True,0,2022-12-30T21:45Z,2023-01-01T23:30Z
GBPJPY,15m@v1,2023-09-24T21:00Z,2023-09-24T21:15Z,0.25,2023,SOURCE_DATA,MEDIUM,週の開場（日 17:00 NY）から 3 時間以内。開場中のはずの時間帯,False,False,0,2023-09-22T20:45Z,2023-09-24T21:15Z
GBPJPY,15m@v1,2023-09-25T10:15Z,2023-09-25T11:00Z,0.75,2023,SOURCE_DATA,MEDIUM,上のパターンに当たらない 4 時間以下の欠落。休場宣言に該当なし,True,False,0,2023-09-25T10:00Z,2023-09-25T11:00Z
GBPJPY,15m@v1,2023-12-24T22:00Z,2023-12-25T00:45Z,2.75,2023,SOURCE_DATA,MEDIUM,週の開場（日 17:00 NY）から 3 時間以内。開場中のはずの時間帯,False,True,0,2023-12-22T21:45Z,2023-12-25T00:45Z
GBPJPY,15m@v1,2023-12-25T07:30Z,2023-12-25T07:45Z,0.25,2023,CALENDAR_ADJACENT_OR_SOURCE,LOW,クリスマスの短縮宣言に時間的に隣接する短い欠落。宣言区間そのものではない,False,False,0,2023-12-25T07:15Z,2023-12-25T07:45Z
GBPJPY,1h@v1,2016-12-26T07:00Z,2016-12-26T23:00Z,16.0,2016,CALENDAR_UNDECLARED_OR_PARTLY_SOURCE,LOW,2016 年クリスマス翌日の大きな欠落。2016 年は休場宣言が無い年,False,True,0,2016-12-26T06:00Z,2016-12-26T23:00Z
GBPJPY,1h@v1,2017-01-01T22:00Z,2017-01-02T07:00Z,9.0,2017,CALENDAR,LOW,2017 年元日（日曜）の週の開場（日 17:00 NY）から月 02:00 NY までの 9 時間。fx_ny17 v2 の休場宣言は 2017-12-25 から始まり、2017 年の元日の前後は未宣言。2018 年以降の元日の宣言（前日 17:00〜当日 17:00 NY の 24 時間）とは長さも位置も一致しない,True,True,0,2016-12-30T21:00Z,2017-01-02T07:00Z
GBPJPY,1h@v1,2019-03-10T21:00Z,2019-03-10T22:00Z,1.0,2019,SOURCE_DATA,MEDIUM,週の開場（日 17:00 NY）から 3 時間以内。開場中のはずの時間帯,False,True,0,2019-03-08T21:00Z,2019-03-10T22:00Z
GBPJPY,1h@v1,2019-03-31T23:00Z,2019-04-01T00:00Z,1.0,2019,SOURCE_DATA,MEDIUM,週の開場（日 17:00 NY）から 3 時間以内。開場中のはずの時間帯,True,True,0,2019-03-31T22:00Z,2019-04-01T00:00Z
GBPJPY,1h@v1,2019-05-26T21:00Z,2019-05-27T05:00Z,8.0,2019,UNKNOWN,LOW,4 時間を超え、上のパターンに当たらない欠落。個別の確認が要る,False,True,0,2019-05-24T20:00Z,2019-05-27T05:00Z
GBPJPY,1h@v1,2019-05-27T06:00Z,2019-05-27T10:00Z,4.0,2019,SOURCE_DATA,MEDIUM,上のパターンに当たらない 4 時間以下の欠落。休場宣言に該当なし,False,True,0,2019-05-27T05:00Z,2019-05-27T10:00Z
GBPJPY,1h@v1,2019-12-25T08:00Z,2019-12-25T09:00Z,1.0,2019,CALENDAR_ADJACENT_OR_SOURCE,LOW,クリスマスの短縮宣言に時間的に隣接する短い欠落。宣言区間そのものではない,False,True,0,2019-12-25T07:00Z,2019-12-25T22:00Z
GBPJPY,1h@v1,2020-03-29T23:00Z,2020-03-30T00:00Z,1.0,2020,SOURCE_DATA,MEDIUM,週の開場（日 17:00 NY）から 3 時間以内。開場中のはずの時間帯,True,True,0,2020-03-29T22:00Z,2020-03-30T00:00Z
GBPJPY,1h@v1,2020-11-30T05:00Z,2020-12-01T00:00Z,19.0,2020,SOURCE_DATA_KNOWN,HIGH,2020-11-30 単発の大規模欠損。manifest の分類の注記に「既知の休場と一致しない」と明記,True,True,0,2020-11-30T04:00Z,2020-12-01T00:00Z
GBPJPY,1h@v1,2021-03-28T23:00Z,2021-03-29T00:00Z,1.0,2021,SOURCE_DATA,MEDIUM,週の開場（日 17:00 NY）から 3 時間以内。開場中のはずの時間帯,True,True,0,2021-03-28T22:00Z,2021-03-29T00:00Z
GBPJPY,1h@v1,2021-05-31T04:00Z,2021-06-01T00:00Z,20.0,2021,SOURCE_DATA_KNOWN,HIGH,2021-05-31 単発の大規模欠損。manifest の分類の注記に「既知の休場と一致しない」と明記,True,True,0,2021-05-31T03:00Z,2021-06-01T00:00Z
GBPJPY,1h@v1,2022-03-27T23:00Z,2022-03-28T00:00Z,1.0,2022,SOURCE_DATA,MEDIUM,週の開場（日 17:00 NY）から 3 時間以内。開場中のはずの時間帯,True,True,0,2022-03-27T22:00Z,2022-03-28T00:00Z
GBPJPY,1h@v1,2022-07-19T02:00Z,2022-07-19T03:00Z,1.0,2022,SOURCE_DATA,MEDIUM,上のパターンに当たらない 4 時間以下の欠落。休場宣言に該当なし,False,True,0,2022-07-19T01:00Z,2022-07-19T03:00Z
GBPJPY,1h@v1,2022-07-19T11:00Z,2022-07-19T12:00Z,1.0,2022,SOURCE_DATA,MEDIUM,上のパターンに当たらない 4 時間以下の欠落。休場宣言に該当なし,False,True,0,2022-07-19T10:00Z,2022-07-19T12:00Z
GBPJPY,1h@v1,2023-01-01T22:00Z,2023-01-01T23:00Z,1.0,2023,SOURCE_DATA,MEDIUM,週の開場（日 17:00 NY）から 3 時間以内。開場中のはずの時間帯,False,True,0,2022-12-30T21:00Z,2023-01-01T23:00Z
GBPJPY,1h@v1,2023-12-24T22:00Z,2023-12-25T00:00Z,2.0,2023,SOURCE_DATA,MEDIUM,週の開場（日 17:00 NY）から 3 時間以内。開場中のはずの時間帯,False,True,0,2023-12-22T21:00Z,2023-12-25T00:00Z
GBPUSD,15m@v1,2016-12-25T22:15Z,2016-12-25T22:30Z,0.25,2016,SOURCE_DATA,MEDIUM,週の開場（日 17:00 NY）から 3 時間以内。開場中のはずの時間帯,True,False,0,2016-12-25T22:00Z,2016-12-25T22:30Z
GBPUSD,15m@v1,2016-12-26T07:00Z,2016-12-26T23:00Z,16.0,2016,CALENDAR_UNDECLARED_OR_PARTLY_SOURCE,LOW,2016 年クリスマス翌日の大きな欠落。2016 年は休場宣言が無い年,False,True,0,2016-12-26T06:45Z,2016-12-26T23:00Z
GBPUSD,15m@v1,2017-01-01T22:00Z,2017-01-02T07:00Z,9.0,2017,CALENDAR,LOW,2017 年元日（日曜）の週の開場（日 17:00 NY）から月 02:00 NY までの 9 時間。fx_ny17 v2 の休場宣言は 2017-12-25 から始まり、2017 年の元日の前後は未宣言。2018 年以降の元日の宣言（前日 17:00〜当日 17:00 NY の 24 時間）とは長さも位置も一致しない,True,True,0,2016-12-30T21:45Z,2017-01-02T07:00Z
GBPUSD,15m@v1,2017-08-13T21:15Z,2017-08-13T21:30Z,0.25,2017,SOURCE_DATA,MEDIUM,週の開場（日 17:00 NY）から 3 時間以内。開場中のはずの時間帯,False,False,0,2017-08-13T21:00Z,2017-08-13T21:30Z
GBPUSD,15m@v1,2018-12-24T22:45Z,2018-12-24T23:15Z,0.5,2018,CALENDAR_ADJACENT_OR_SOURCE,LOW,クリスマスの短縮宣言に時間的に隣接する短い欠落。宣言区間そのものではない,False,False,0,2018-12-24T22:30Z,2018-12-24T23:15Z
GBPUSD,15m@v1,2019-03-31T23:00Z,2019-04-01T00:00Z,1.0,2019,SOURCE_DATA,MEDIUM,週の開場（日 17:00 NY）から 3 時間以内。開場中のはずの時間帯,True,True,0,2019-03-31T22:45Z,2019-04-01T00:00Z
GBPUSD,15m@v1,2019-05-26T21:00Z,2019-05-27T04:00Z,7.0,2019,UNKNOWN,LOW,4 時間を超え、上のパターンに当たらない欠落。個別の確認が要る,False,True,0,2019-05-24T20:45Z,2019-05-27T04:00Z
GBPUSD,15m@v1,2019-05-27T05:00Z,2019-05-27T10:00Z,5.0,2019,UNKNOWN,LOW,4 時間を超え、上のパターンに当たらない欠落。個別の確認が要る,False,True,0,2019-05-27T04:45Z,2019-05-27T10:00Z
GBPUSD,15m@v1,2019-12-24T22:00Z,2019-12-24T22:45Z,0.75,2019,CALENDAR_ADJACENT_OR_SOURCE,LOW,クリスマスの短縮宣言に時間的に隣接する短い欠落。宣言区間そのものではない,True,False,0,2019-12-24T21:45Z,2019-12-24T22:45Z
GBPUSD,15m@v1,2019-12-25T08:00Z,2019-12-25T09:00Z,1.0,2019,CALENDAR_ADJACENT_OR_SOURCE,LOW,クリスマスの短縮宣言に時間的に隣接する短い欠落。宣言区間そのものではない,False,True,0,2019-12-25T07:45Z,2019-12-25T22:00Z
GBPUSD,15m@v1,2020-03-29T23:00Z,2020-03-30T00:00Z,1.0,2020,SOURCE_DATA,MEDIUM,週の開場（日 17:00 NY）から 3 時間以内。開場中のはずの時間帯,True,True,0,2020-03-29T22:45Z,2020-03-30T00:00Z
GBPUSD,15m@v1,2020-07-12T21:00Z,2020-07-12T21:15Z,0.25,2020,SOURCE_DATA,MEDIUM,週の開場（日 17:00 NY）から 3 時間以内。開場中のはずの時間帯,False,False,0,2020-07-10T20:45Z,2020-07-12T21:15Z
GBPUSD,15m@v1,2020-11-30T05:00Z,2020-12-01T00:00Z,19.0,2020,SOURCE_DATA_KNOWN,HIGH,2020-11-30 単発の大規模欠損。manifest の分類の注記に「既知の休場と一致しない」と明記,True,True,0,2020-11-30T04:45Z,2020-12-01T00:00Z
GBPUSD,15m@v1,2020-12-25T07:00Z,2020-12-25T08:00Z,1.0,2020,CALENDAR_ADJACENT_OR_SOURCE,LOW,クリスマスの短縮宣言に時間的に隣接する短い欠落。宣言区間そのものではない,False,True,0,2020-12-25T06:45Z,2020-12-27T22:00Z
GBPUSD,15m@v1,2021-03-28T23:00Z,2021-03-29T00:00Z,1.0,2021,SOURCE_DATA,MEDIUM,週の開場（日 17:00 NY）から 3 時間以内。開場中のはずの時間帯,True,True,0,2021-03-28T22:45Z,2021-03-29T00:00Z
GBPUSD,15m@v1,2021-05-31T04:00Z,2021-06-01T00:00Z,20.0,2021,SOURCE_DATA_KNOWN,HIGH,2021-05-31 単発の大規模欠損。manifest の分類の注記に「既知の休場と一致しない」と明記,True,True,0,2021-05-31T03:45Z,2021-06-01T00:00Z
GBPUSD,15m@v1,2022-03-27T23:00Z,2022-03-28T00:00Z,1.0,2022,SOURCE_DATA,MEDIUM,週の開場（日 17:00 NY）から 3 時間以内。開場中のはずの時間帯,True,True,0,2022-03-27T22:45Z,2022-03-28T00:00Z
GBPUSD,15m@v1,2022-08-14T21:00Z,2022-08-14T21:15Z,0.25,2022,SOURCE_DATA,MEDIUM,週の開場（日 17:00 NY）から 3 時間以内。開場中のはずの時間帯,False,False,0,2022-08-12T20:45Z,2022-08-14T21:15Z
GBPUSD,15m@v1,2022-12-13T09:00Z,2022-12-13T10:00Z,1.0,2022,SOURCE_DATA,MEDIUM,上のパターンに当たらない 4 時間以下の欠落。休場宣言に該当なし,False,True,0,2022-12-13T08:45Z,2022-12-13T10:00Z
GBPUSD,15m@v1,2022-12-13T15:00Z,2022-12-13T16:00Z,1.0,2022,SOURCE_DATA,MEDIUM,上のパターンに当たらない 4 時間以下の欠落。休場宣言に該当なし,False,True,0,2022-12-13T14:45Z,2022-12-13T16:00Z
GBPUSD,15m@v1,2023-01-01T22:00Z,2023-01-01T23:00Z,1.0,2023,SOURCE_DATA,MEDIUM,週の開場（日 17:00 NY）から 3 時間以内。開場中のはずの時間帯,False,True,0,2022-12-30T21:45Z,2023-01-01T23:00Z
GBPUSD,15m@v1,2023-09-25T10:15Z,2023-09-25T11:00Z,0.75,2023,SOURCE_DATA,MEDIUM,上のパターンに当たらない 4 時間以下の欠落。休場宣言に該当なし,True,False,0,2023-09-25T10:00Z,2023-09-25T11:00Z
GBPUSD,15m@v1,2023-12-24T22:00Z,2023-12-25T00:15Z,2.25,2023,SOURCE_DATA,MEDIUM,週の開場（日 17:00 NY）から 3 時間以内。開場中のはずの時間帯,False,True,0,2023-12-22T21:45Z,2023-12-25T00:15Z
GBPUSD,1h@v1,2016-12-26T07:00Z,2016-12-26T23:00Z,16.0,2016,CALENDAR_UNDECLARED_OR_PARTLY_SOURCE,LOW,2016 年クリスマス翌日の大きな欠落。2016 年は休場宣言が無い年,False,True,0,2016-12-26T06:00Z,2016-12-26T23:00Z
GBPUSD,1h@v1,2017-01-01T22:00Z,2017-01-02T07:00Z,9.0,2017,CALENDAR,LOW,2017 年元日（日曜）の週の開場（日 17:00 NY）から月 02:00 NY までの 9 時間。fx_ny17 v2 の休場宣言は 2017-12-25 から始まり、2017 年の元日の前後は未宣言。2018 年以降の元日の宣言（前日 17:00〜当日 17:00 NY の 24 時間）とは長さも位置も一致しない,True,True,0,2016-12-30T21:00Z,2017-01-02T07:00Z
GBPUSD,1h@v1,2019-03-31T23:00Z,2019-04-01T00:00Z,1.0,2019,SOURCE_DATA,MEDIUM,週の開場（日 17:00 NY）から 3 時間以内。開場中のはずの時間帯,True,True,0,2019-03-31T22:00Z,2019-04-01T00:00Z
GBPUSD,1h@v1,2019-05-26T21:00Z,2019-05-27T04:00Z,7.0,2019,UNKNOWN,LOW,4 時間を超え、上のパターンに当たらない欠落。個別の確認が要る,False,True,0,2019-05-24T20:00Z,2019-05-27T04:00Z
GBPUSD,1h@v1,2019-05-27T05:00Z,2019-05-27T10:00Z,5.0,2019,UNKNOWN,LOW,4 時間を超え、上のパターンに当たらない欠落。個別の確認が要る,False,True,0,2019-05-27T04:00Z,2019-05-27T10:00Z
GBPUSD,1h@v1,2019-12-25T08:00Z,2019-12-25T09:00Z,1.0,2019,CALENDAR_ADJACENT_OR_SOURCE,LOW,クリスマスの短縮宣言に時間的に隣接する短い欠落。宣言区間そのものではない,False,True,0,2019-12-25T07:00Z,2019-12-25T22:00Z
GBPUSD,1h@v1,2020-03-29T23:00Z,2020-03-30T00:00Z,1.0,2020,SOURCE_DATA,MEDIUM,週の開場（日 17:00 NY）から 3 時間以内。開場中のはずの時間帯,True,True,0,2020-03-29T22:00Z,2020-03-30T00:00Z
GBPUSD,1h@v1,2020-11-30T05:00Z,2020-12-01T00:00Z,19.0,2020,SOURCE_DATA_KNOWN,HIGH,2020-11-30 単発の大規模欠損。manifest の分類の注記に「既知の休場と一致しない」と明記,True,True,0,2020-11-30T04:00Z,2020-12-01T00:00Z
GBPUSD,1h@v1,2020-12-25T07:00Z,2020-12-25T08:00Z,1.0,2020,CALENDAR_ADJACENT_OR_SOURCE,LOW,クリスマスの短縮宣言に時間的に隣接する短い欠落。宣言区間そのものではない,False,True,0,2020-12-25T06:00Z,2020-12-27T22:00Z
GBPUSD,1h@v1,2021-03-28T23:00Z,2021-03-29T00:00Z,1.0,2021,SOURCE_DATA,MEDIUM,週の開場（日 17:00 NY）から 3 時間以内。開場中のはずの時間帯,True,True,0,2021-03-28T22:00Z,2021-03-29T00:00Z
GBPUSD,1h@v1,2021-05-31T04:00Z,2021-06-01T00:00Z,20.0,2021,SOURCE_DATA_KNOWN,HIGH,2021-05-31 単発の大規模欠損。manifest の分類の注記に「既知の休場と一致しない」と明記,True,True,0,2021-05-31T03:00Z,2021-06-01T00:00Z
GBPUSD,1h@v1,2022-03-27T23:00Z,2022-03-28T00:00Z,1.0,2022,SOURCE_DATA,MEDIUM,週の開場（日 17:00 NY）から 3 時間以内。開場中のはずの時間帯,True,True,0,2022-03-27T22:00Z,2022-03-28T00:00Z
GBPUSD,1h@v1,2022-12-13T09:00Z,2022-12-13T10:00Z,1.0,2022,SOURCE_DATA,MEDIUM,上のパターンに当たらない 4 時間以下の欠落。休場宣言に該当なし,False,True,0,2022-12-13T08:00Z,2022-12-13T10:00Z
GBPUSD,1h@v1,2022-12-13T15:00Z,2022-12-13T16:00Z,1.0,2022,SOURCE_DATA,MEDIUM,上のパターンに当たらない 4 時間以下の欠落。休場宣言に該当なし,False,True,0,2022-12-13T14:00Z,2022-12-13T16:00Z
GBPUSD,1h@v1,2023-01-01T22:00Z,2023-01-01T23:00Z,1.0,2023,SOURCE_DATA,MEDIUM,週の開場（日 17:00 NY）から 3 時間以内。開場中のはずの時間帯,False,True,0,2022-12-30T21:00Z,2023-01-01T23:00Z
GBPUSD,1h@v1,2023-12-24T22:00Z,2023-12-25T00:00Z,2.0,2023,SOURCE_DATA,MEDIUM,週の開場（日 17:00 NY）から 3 時間以内。開場中のはずの時間帯,False,True,0,2023-12-22T21:00Z,2023-12-25T00:00Z
USDCAD,15m@v1,2016-09-04T21:15Z,2016-09-04T21:30Z,0.25,2016,SOURCE_DATA,MEDIUM,週の開場（日 17:00 NY）から 3 時間以内。開場中のはずの時間帯,False,False,0,2016-09-04T21:00Z,2016-09-04T21:30Z
USDCAD,15m@v1,2016-12-25T22:00Z,2016-12-25T22:30Z,0.5,2016,SOURCE_DATA,MEDIUM,週の開場（日 17:00 NY）から 3 時間以内。開場中のはずの時間帯,False,False,0,2016-12-23T21:45Z,2016-12-25T22:30Z
USDCAD,15m@v1,2016-12-26T07:15Z,2016-12-26T23:00Z,15.75,2016,CALENDAR_UNDECLARED_OR_PARTLY_SOURCE,LOW,2016 年クリスマス翌日の大きな欠落。2016 年は休場宣言が無い年,True,True,0,2016-12-26T07:00Z,2016-12-26T23:00Z
USDCAD,15m@v1,2017-01-01T22:00Z,2017-01-02T07:00Z,9.0,2017,CALENDAR,LOW,2017 年元日（日曜）の週の開場（日 17:00 NY）から月 02:00 NY までの 9 時間。fx_ny17 v2 の休場宣言は 2017-12-25 から始まり、2017 年の元日の前後は未宣言。2018 年以降の元日の宣言（前日 17:00〜当日 17:00 NY の 24 時間）とは長さも位置も一致しない,True,True,0,2016-12-30T21:45Z,2017-01-02T07:00Z
USDCAD,15m@v1,2019-03-10T21:00Z,2019-03-10T22:00Z,1.0,2019,SOURCE_DATA,MEDIUM,週の開場（日 17:00 NY）から 3 時間以内。開場中のはずの時間帯,False,True,0,2019-03-08T21:45Z,2019-03-10T22:00Z
USDCAD,15m@v1,2019-03-31T23:00Z,2019-04-01T00:00Z,1.0,2019,SOURCE_DATA,MEDIUM,週の開場（日 17:00 NY）から 3 時間以内。開場中のはずの時間帯,True,True,0,2019-03-31T22:45Z,2019-04-01T00:00Z
USDCAD,15m@v1,2019-05-26T21:00Z,2019-05-27T10:00Z,13.0,2019,UNKNOWN,LOW,4 時間を超え、上のパターンに当たらない欠落。個別の確認が要る,False,True,0,2019-05-24T20:45Z,2019-05-27T10:00Z
USDCAD,15m@v1,2019-12-24T22:00Z,2019-12-24T22:45Z,0.75,2019,CALENDAR_ADJACENT_OR_SOURCE,LOW,クリスマスの短縮宣言に時間的に隣接する短い欠落。宣言区間そのものではない,True,False,0,2019-12-24T21:45Z,2019-12-24T22:45Z
USDCAD,15m@v1,2019-12-25T08:00Z,2019-12-25T09:00Z,1.0,2019,CALENDAR_ADJACENT_OR_SOURCE,LOW,クリスマスの短縮宣言に時間的に隣接する短い欠落。宣言区間そのものではない,False,True,0,2019-12-25T07:45Z,2019-12-25T22:00Z
USDCAD,15m@v1,2020-03-29T23:00Z,2020-03-30T00:00Z,1.0,2020,SOURCE_DATA,MEDIUM,週の開場（日 17:00 NY）から 3 時間以内。開場中のはずの時間帯,True,True,0,2020-03-29T22:45Z,2020-03-30T00:00Z
USDCAD,15m@v1,2020-08-16T21:00Z,2020-08-16T21:15Z,0.25,2020,SOURCE_DATA,MEDIUM,週の開場（日 17:00 NY）から 3 時間以内。開場中のはずの時間帯,False,False,0,2020-08-14T20:45Z,2020-08-16T21:15Z
USDCAD,15m@v1,2020-11-30T05:00Z,2020-12-01T00:00Z,19.0,2020,SOURCE_DATA_KNOWN,HIGH,2020-11-30 単発の大規模欠損。manifest の分類の注記に「既知の休場と一致しない」と明記,True,True,0,2020-11-30T04:45Z,2020-12-01T00:00Z
USDCAD,15m@v1,2020-12-24T23:15Z,2020-12-24T23:30Z,0.25,2020,CALENDAR_ADJACENT_OR_SOURCE,LOW,クリスマスの短縮宣言に時間的に隣接する短い欠落。宣言区間そのものではない,False,False,0,2020-12-24T23:00Z,2020-12-24T23:30Z
USDCAD,15m@v1,2021-03-28T23:00Z,2021-03-29T00:00Z,1.0,2021,SOURCE_DATA,MEDIUM,週の開場（日 17:00 NY）から 3 時間以内。開場中のはずの時間帯,True,True,0,2021-03-28T22:45Z,2021-03-29T00:00Z
USDCAD,15m@v1,2021-05-31T04:00Z,2021-06-01T00:00Z,20.0,2021,SOURCE_DATA_KNOWN,HIGH,2021-05-31 単発の大規模欠損。manifest の分類の注記に「既知の休場と一致しない」と明記,True,True,0,2021-05-31T03:45Z,2021-06-01T00:00Z
USDCAD,15m@v1,2022-03-27T23:00Z,2022-03-28T00:00Z,1.0,2022,SOURCE_DATA,MEDIUM,週の開場（日 17:00 NY）から 3 時間以内。開場中のはずの時間帯,True,True,0,2022-03-27T22:45Z,2022-03-28T00:00Z
USDCAD,15m@v1,2022-09-25T21:15Z,2022-09-25T21:30Z,0.25,2022,SOURCE_DATA,MEDIUM,週の開場（日 17:00 NY）から 3 時間以内。開場中のはずの時間帯,False,False,0,2022-09-25T21:00Z,2022-09-25T21:30Z
USDCAD,15m@v1,2022-10-09T21:00Z,2022-10-09T22:00Z,1.0,2022,SOURCE_DATA,MEDIUM,週の開場（日 17:00 NY）から 3 時間以内。開場中のはずの時間帯,False,True,0,2022-10-07T20:45Z,2022-10-09T22:00Z
USDCAD,15m@v1,2022-12-04T22:15Z,2022-12-04T22:30Z,0.25,2022,SOURCE_DATA,MEDIUM,週の開場（日 17:00 NY）から 3 時間以内。開場中のはずの時間帯,False,False,0,2022-12-04T22:00Z,2022-12-04T22:30Z
USDCAD,15m@v1,2022-12-25T22:15Z,2022-12-25T22:30Z,0.25,2022,SOURCE_DATA,MEDIUM,週の開場（日 17:00 NY）から 3 時間以内。開場中のはずの時間帯,False,False,0,2022-12-25T22:00Z,2022-12-25T22:30Z
USDCAD,15m@v1,2022-12-25T22:45Z,2022-12-25T23:00Z,0.25,2022,SOURCE_DATA,MEDIUM,週の開場（日 17:00 NY）から 3 時間以内。開場中のはずの時間帯,False,False,0,2022-12-25T22:30Z,2022-12-25T23:00Z
USDCAD,15m@v1,2023-01-01T22:00Z,2023-01-01T23:00Z,1.0,2023,SOURCE_DATA,MEDIUM,週の開場（日 17:00 NY）から 3 時間以内。開場中のはずの時間帯,False,True,0,2022-12-30T21:45Z,2023-01-01T23:00Z
USDCAD,15m@v1,2023-01-27T05:00Z,2023-01-27T06:00Z,1.0,2023,SOURCE_DATA,MEDIUM,上のパターンに当たらない 4 時間以下の欠落。休場宣言に該当なし,False,True,0,2023-01-27T04:45Z,2023-01-27T06:00Z
USDCAD,15m@v1,2023-09-25T10:15Z,2023-09-25T11:00Z,0.75,2023,SOURCE_DATA,MEDIUM,上のパターンに当たらない 4 時間以下の欠落。休場宣言に該当なし,True,False,0,2023-09-25T10:00Z,2023-09-25T11:00Z
USDCAD,15m@v1,2023-12-24T22:00Z,2023-12-24T23:45Z,1.75,2023,SOURCE_DATA,MEDIUM,週の開場（日 17:00 NY）から 3 時間以内。開場中のはずの時間帯,False,True,0,2023-12-22T21:45Z,2023-12-24T23:45Z
USDCAD,15m@v1,2023-12-25T01:00Z,2023-12-25T01:15Z,0.25,2023,CALENDAR_ADJACENT_OR_SOURCE,LOW,クリスマスの短縮宣言に時間的に隣接する短い欠落。宣言区間そのものではない,False,False,0,2023-12-25T00:45Z,2023-12-25T01:15Z
USDCAD,15m@v1,2023-12-25T01:45Z,2023-12-25T02:15Z,0.5,2023,CALENDAR_ADJACENT_OR_SOURCE,LOW,クリスマスの短縮宣言に時間的に隣接する短い欠落。宣言区間そのものではない,False,False,0,2023-12-25T01:30Z,2023-12-25T02:15Z
USDCAD,15m@v1,2023-12-25T07:30Z,2023-12-25T08:00Z,0.5,2023,CALENDAR_ADJACENT_OR_SOURCE,LOW,クリスマスの短縮宣言に時間的に隣接する短い欠落。宣言区間そのものではない,False,False,0,2023-12-25T07:15Z,2023-12-25T22:00Z
USDCAD,1h@v1,2016-12-26T08:00Z,2016-12-26T23:00Z,15.0,2016,CALENDAR_UNDECLARED_OR_PARTLY_SOURCE,LOW,2016 年クリスマス翌日の大きな欠落。2016 年は休場宣言が無い年,True,True,0,2016-12-26T07:00Z,2016-12-26T23:00Z
USDCAD,1h@v1,2017-01-01T22:00Z,2017-01-02T07:00Z,9.0,2017,CALENDAR,LOW,2017 年元日（日曜）の週の開場（日 17:00 NY）から月 02:00 NY までの 9 時間。fx_ny17 v2 の休場宣言は 2017-12-25 から始まり、2017 年の元日の前後は未宣言。2018 年以降の元日の宣言（前日 17:00〜当日 17:00 NY の 24 時間）とは長さも位置も一致しない,True,True,0,2016-12-30T21:00Z,2017-01-02T07:00Z
USDCAD,1h@v1,2019-03-10T21:00Z,2019-03-10T22:00Z,1.0,2019,SOURCE_DATA,MEDIUM,週の開場（日 17:00 NY）から 3 時間以内。開場中のはずの時間帯,False,True,0,2019-03-08T21:00Z,2019-03-10T22:00Z
USDCAD,1h@v1,2019-03-31T23:00Z,2019-04-01T00:00Z,1.0,2019,SOURCE_DATA,MEDIUM,週の開場（日 17:00 NY）から 3 時間以内。開場中のはずの時間帯,True,True,0,2019-03-31T22:00Z,2019-04-01T00:00Z
USDCAD,1h@v1,2019-05-26T21:00Z,2019-05-27T10:00Z,13.0,2019,UNKNOWN,LOW,4 時間を超え、上のパターンに当たらない欠落。個別の確認が要る,False,True,0,2019-05-24T20:00Z,2019-05-27T10:00Z
USDCAD,1h@v1,2019-12-25T08:00Z,2019-12-25T09:00Z,1.0,2019,CALENDAR_ADJACENT_OR_SOURCE,LOW,クリスマスの短縮宣言に時間的に隣接する短い欠落。宣言区間そのものではない,False,True,0,2019-12-25T07:00Z,2019-12-25T22:00Z
USDCAD,1h@v1,2020-03-29T23:00Z,2020-03-30T00:00Z,1.0,2020,SOURCE_DATA,MEDIUM,週の開場（日 17:00 NY）から 3 時間以内。開場中のはずの時間帯,True,True,0,2020-03-29T22:00Z,2020-03-30T00:00Z
USDCAD,1h@v1,2020-11-30T05:00Z,2020-12-01T00:00Z,19.0,2020,SOURCE_DATA_KNOWN,HIGH,2020-11-30 単発の大規模欠損。manifest の分類の注記に「既知の休場と一致しない」と明記,True,True,0,2020-11-30T04:00Z,2020-12-01T00:00Z
USDCAD,1h@v1,2021-03-28T23:00Z,2021-03-29T00:00Z,1.0,2021,SOURCE_DATA,MEDIUM,週の開場（日 17:00 NY）から 3 時間以内。開場中のはずの時間帯,True,True,0,2021-03-28T22:00Z,2021-03-29T00:00Z
USDCAD,1h@v1,2021-05-31T04:00Z,2021-06-01T00:00Z,20.0,2021,SOURCE_DATA_KNOWN,HIGH,2021-05-31 単発の大規模欠損。manifest の分類の注記に「既知の休場と一致しない」と明記,True,True,0,2021-05-31T03:00Z,2021-06-01T00:00Z
USDCAD,1h@v1,2022-03-27T23:00Z,2022-03-28T00:00Z,1.0,2022,SOURCE_DATA,MEDIUM,週の開場（日 17:00 NY）から 3 時間以内。開場中のはずの時間帯,True,True,0,2022-03-27T22:00Z,2022-03-28T00:00Z
USDCAD,1h@v1,2022-10-09T21:00Z,2022-10-09T22:00Z,1.0,2022,SOURCE_DATA,MEDIUM,週の開場（日 17:00 NY）から 3 時間以内。開場中のはずの時間帯,False,True,0,2022-10-07T20:00Z,2022-10-09T22:00Z
USDCAD,1h@v1,2023-01-01T22:00Z,2023-01-01T23:00Z,1.0,2023,SOURCE_DATA,MEDIUM,週の開場（日 17:00 NY）から 3 時間以内。開場中のはずの時間帯,False,True,0,2022-12-30T21:00Z,2023-01-01T23:00Z
USDCAD,1h@v1,2023-01-27T05:00Z,2023-01-27T06:00Z,1.0,2023,SOURCE_DATA,MEDIUM,上のパターンに当たらない 4 時間以下の欠落。休場宣言に該当なし,False,True,0,2023-01-27T04:00Z,2023-01-27T06:00Z
USDCAD,1h@v1,2023-12-24T22:00Z,2023-12-24T23:00Z,1.0,2023,SOURCE_DATA,MEDIUM,週の開場（日 17:00 NY）から 3 時間以内。開場中のはずの時間帯,True,True,0,2023-12-22T21:00Z,2023-12-24T23:00Z
USDCHF,15m@v1,2016-12-25T22:00Z,2016-12-25T22:30Z,0.5,2016,SOURCE_DATA,MEDIUM,週の開場（日 17:00 NY）から 3 時間以内。開場中のはずの時間帯,False,False,0,2016-12-23T21:45Z,2016-12-25T22:30Z
USDCHF,15m@v1,2016-12-25T22:45Z,2016-12-25T23:00Z,0.25,2016,SOURCE_DATA,MEDIUM,週の開場（日 17:00 NY）から 3 時間以内。開場中のはずの時間帯,False,False,0,2016-12-25T22:30Z,2016-12-25T23:00Z
USDCHF,15m@v1,2016-12-26T07:00Z,2016-12-26T23:00Z,16.0,2016,CALENDAR_UNDECLARED_OR_PARTLY_SOURCE,LOW,2016 年クリスマス翌日の大きな欠落。2016 年は休場宣言が無い年,False,True,0,2016-12-26T06:45Z,2016-12-26T23:00Z
USDCHF,15m@v1,2017-01-01T22:00Z,2017-01-02T07:00Z,9.0,2017,CALENDAR,LOW,2017 年元日（日曜）の週の開場（日 17:00 NY）から月 02:00 NY までの 9 時間。fx_ny17 v2 の休場宣言は 2017-12-25 から始まり、2017 年の元日の前後は未宣言。2018 年以降の元日の宣言（前日 17:00〜当日 17:00 NY の 24 時間）とは長さも位置も一致しない,True,True,0,2016-12-30T21:45Z,2017-01-02T07:00Z
USDCHF,15m@v1,2018-04-01T21:15Z,2018-04-01T21:30Z,0.25,2018,SOURCE_DATA,MEDIUM,週の開場（日 17:00 NY）から 3 時間以内。開場中のはずの時間帯,False,False,0,2018-04-01T21:00Z,2018-04-01T21:30Z
USDCHF,15m@v1,2019-03-10T21:00Z,2019-03-10T22:00Z,1.0,2019,SOURCE_DATA,MEDIUM,週の開場（日 17:00 NY）から 3 時間以内。開場中のはずの時間帯,False,True,0,2019-03-08T21:45Z,2019-03-10T22:00Z
USDCHF,15m@v1,2019-03-31T23:00Z,2019-04-01T00:00Z,1.0,2019,SOURCE_DATA,MEDIUM,週の開場（日 17:00 NY）から 3 時間以内。開場中のはずの時間帯,True,True,0,2019-03-31T22:45Z,2019-04-01T00:00Z
USDCHF,15m@v1,2019-05-26T21:00Z,2019-05-27T08:00Z,11.0,2019,UNKNOWN,LOW,4 時間を超え、上のパターンに当たらない欠落。個別の確認が要る,False,True,0,2019-05-24T20:45Z,2019-05-27T08:00Z
USDCHF,15m@v1,2019-05-27T09:00Z,2019-05-27T10:00Z,1.0,2019,SOURCE_DATA,MEDIUM,上のパターンに当たらない 4 時間以下の欠落。休場宣言に該当なし,False,True,0,2019-05-27T08:45Z,2019-05-27T10:00Z
USDCHF,15m@v1,2019-12-24T22:00Z,2019-12-24T22:45Z,0.75,2019,CALENDAR_ADJACENT_OR_SOURCE,LOW,クリスマスの短縮宣言に時間的に隣接する短い欠落。宣言区間そのものではない,True,False,0,2019-12-24T21:45Z,2019-12-24T22:45Z
USDCHF,15m@v1,2019-12-25T08:15Z,2019-12-25T09:00Z,0.75,2019,CALENDAR_ADJACENT_OR_SOURCE,LOW,クリスマスの短縮宣言に時間的に隣接する短い欠落。宣言区間そのものではない,True,False,0,2019-12-25T08:00Z,2019-12-25T22:00Z
USDCHF,15m@v1,2020-03-29T23:00Z,2020-03-30T00:00Z,1.0,2020,SOURCE_DATA,MEDIUM,週の開場（日 17:00 NY）から 3 時間以内。開場中のはずの時間帯,True,True,0,2020-03-29T22:45Z,2020-03-30T00:00Z
USDCHF,15m@v1,2020-08-23T21:00Z,2020-08-23T21:15Z,0.25,2020,SOURCE_DATA,MEDIUM,週の開場（日 17:00 NY）から 3 時間以内。開場中のはずの時間帯,False,False,0,2020-08-21T20:45Z,2020-08-23T21:15Z
USDCHF,15m@v1,2020-11-30T05:00Z,2020-12-01T00:00Z,19.0,2020,SOURCE_DATA_KNOWN,HIGH,2020-11-30 単発の大規模欠損。manifest の分類の注記に「既知の休場と一致しない」と明記,True,True,0,2020-11-30T04:45Z,2020-12-01T00:00Z
USDCHF,15m@v1,2021-03-14T21:00Z,2021-03-14T21:15Z,0.25,2021,SOURCE_DATA,MEDIUM,週の開場（日 17:00 NY）から 3 時間以内。開場中のはずの時間帯,False,False,0,2021-03-12T21:45Z,2021-03-14T21:15Z
USDCHF,15m@v1,2021-03-14T21:30Z,2021-03-14T21:45Z,0.25,2021,SOURCE_DATA,MEDIUM,週の開場（日 17:00 NY）から 3 時間以内。開場中のはずの時間帯,False,False,0,2021-03-14T21:15Z,2021-03-14T21:45Z
USDCHF,15m@v1,2021-03-28T23:00Z,2021-03-29T00:00Z,1.0,2021,SOURCE_DATA,MEDIUM,週の開場（日 17:00 NY）から 3 時間以内。開場中のはずの時間帯,True,True,0,2021-03-28T22:45Z,2021-03-29T00:00Z
USDCHF,15m@v1,2021-05-31T04:00Z,2021-06-01T00:00Z,20.0,2021,SOURCE_DATA_KNOWN,HIGH,2021-05-31 単発の大規模欠損。manifest の分類の注記に「既知の休場と一致しない」と明記,True,True,0,2021-05-31T03:45Z,2021-06-01T00:00Z
USDCHF,15m@v1,2021-07-14T21:15Z,2021-07-14T21:30Z,0.25,2021,SOURCE_DATA,MEDIUM,上のパターンに当たらない 4 時間以下の欠落。休場宣言に該当なし,False,False,0,2021-07-14T21:00Z,2021-07-14T21:30Z
USDCHF,15m@v1,2021-08-01T21:00Z,2021-08-01T21:30Z,0.5,2021,SOURCE_DATA,MEDIUM,週の開場（日 17:00 NY）から 3 時間以内。開場中のはずの時間帯,False,False,0,2021-07-30T20:45Z,2021-08-01T21:30Z
USDCHF,15m@v1,2021-08-08T21:15Z,2021-08-08T21:30Z,0.25,2021,SOURCE_DATA,MEDIUM,週の開場（日 17:00 NY）から 3 時間以内。開場中のはずの時間帯,False,False,0,2021-08-08T21:00Z,2021-08-08T21:30Z
USDCHF,15m@v1,2021-08-17T21:15Z,2021-08-17T21:30Z,0.25,2021,SOURCE_DATA,MEDIUM,上のパターンに当たらない 4 時間以下の欠落。休場宣言に該当なし,False,False,0,2021-08-17T21:00Z,2021-08-17T21:30Z
USDCHF,15m@v1,2021-11-24T22:30Z,2021-11-24T22:45Z,0.25,2021,SOURCE_DATA,MEDIUM,上のパターンに当たらない 4 時間以下の欠落。休場宣言に該当なし,False,False,0,2021-11-24T22:15Z,2021-11-24T22:45Z
USDCHF,15m@v1,2021-11-28T22:00Z,2021-11-28T22:30Z,0.5,2021,SOURCE_DATA,MEDIUM,週の開場（日 17:00 NY）から 3 時間以内。開場中のはずの時間帯,False,False,0,2021-11-26T21:45Z,2021-11-28T22:30Z
USDCHF,15m@v1,2021-12-24T21:00Z,2021-12-24T21:30Z,0.5,2021,SOURCE_DATA,MEDIUM,週の閉場（金 17:00 NY）の 1 時間前。開場中のはずの時間帯,False,False,0,2021-12-24T20:45Z,2021-12-24T21:30Z
USDCHF,15m@v1,2021-12-26T22:00Z,2021-12-26T22:15Z,0.25,2021,SOURCE_DATA,MEDIUM,週の開場（日 17:00 NY）から 3 時間以内。開場中のはずの時間帯,False,False,0,2021-12-24T21:45Z,2021-12-26T22:15Z
USDCHF,15m@v1,2022-03-27T23:00Z,2022-03-28T00:00Z,1.0,2022,SOURCE_DATA,MEDIUM,週の開場（日 17:00 NY）から 3 時間以内。開場中のはずの時間帯,True,True,0,2022-03-27T22:45Z,2022-03-28T00:00Z
USDCHF,15m@v1,2022-05-01T21:00Z,2022-05-01T21:15Z,0.25,2022,SOURCE_DATA,MEDIUM,週の開場（日 17:00 NY）から 3 時間以内。開場中のはずの時間帯,False,False,0,2022-04-29T20:45Z,2022-05-01T21:15Z
USDCHF,15m@v1,2022-05-08T21:00Z,2022-05-08T21:15Z,0.25,2022,SOURCE_DATA,MEDIUM,週の開場（日 17:00 NY）から 3 時間以内。開場中のはずの時間帯,False,False,0,2022-05-06T20:45Z,2022-05-08T21:15Z
USDCHF,15m@v1,2022-05-15T21:00Z,2022-05-15T21:30Z,0.5,2022,SOURCE_DATA,MEDIUM,週の開場（日 17:00 NY）から 3 時間以内。開場中のはずの時間帯,False,False,0,2022-05-13T20:45Z,2022-05-15T21:30Z
USDCHF,15m@v1,2022-05-19T21:00Z,2022-05-19T22:00Z,1.0,2022,SOURCE_DATA,MEDIUM,上のパターンに当たらない 4 時間以下の欠落。休場宣言に該当なし,False,True,0,2022-05-19T20:45Z,2022-05-19T22:00Z
USDCHF,15m@v1,2022-05-30T21:00Z,2022-05-30T21:15Z,0.25,2022,SOURCE_DATA,MEDIUM,上のパターンに当たらない 4 時間以下の欠落。休場宣言に該当なし,False,False,0,2022-05-30T20:45Z,2022-05-30T21:15Z
USDCHF,15m@v1,2022-06-26T21:00Z,2022-06-26T21:30Z,0.5,2022,SOURCE_DATA,MEDIUM,週の開場（日 17:00 NY）から 3 時間以内。開場中のはずの時間帯,False,False,0,2022-06-24T20:45Z,2022-06-26T21:30Z
USDCHF,15m@v1,2022-07-14T21:00Z,2022-07-14T21:15Z,0.25,2022,SOURCE_DATA,MEDIUM,上のパターンに当たらない 4 時間以下の欠落。休場宣言に該当なし,False,False,0,2022-07-14T20:45Z,2022-07-14T21:15Z
USDCHF,15m@v1,2022-07-25T01:00Z,2022-07-25T02:00Z,1.0,2022,SOURCE_DATA,MEDIUM,上のパターンに当たらない 4 時間以下の欠落。休場宣言に該当なし,False,True,0,2022-07-25T00:45Z,2022-07-25T02:00Z
USDCHF,15m@v1,2022-07-25T11:00Z,2022-07-25T12:00Z,1.0,2022,SOURCE_DATA,MEDIUM,上のパターンに当たらない 4 時間以下の欠落。休場宣言に該当なし,False,True,0,2022-07-25T10:45Z,2022-07-25T12:00Z
USDCHF,15m@v1,2022-07-25T16:00Z,2022-07-25T17:00Z,1.0,2022,SOURCE_DATA,MEDIUM,上のパターンに当たらない 4 時間以下の欠落。休場宣言に該当なし,False,True,0,2022-07-25T15:45Z,2022-07-25T17:00Z
USDCHF,15m@v1,2022-07-31T21:00Z,2022-07-31T21:15Z,0.25,2022,SOURCE_DATA,MEDIUM,週の開場（日 17:00 NY）から 3 時間以内。開場中のはずの時間帯,False,False,0,2022-07-29T20:45Z,2022-07-31T21:15Z
USDCHF,15m@v1,2022-08-21T21:00Z,2022-08-21T21:30Z,0.5,2022,SOURCE_DATA,MEDIUM,週の開場（日 17:00 NY）から 3 時間以内。開場中のはずの時間帯,False,False,0,2022-08-19T20:45Z,2022-08-21T21:30Z
USDCHF,15m@v1,2022-09-06T21:15Z,2022-09-06T21:30Z,0.25,2022,SOURCE_DATA,MEDIUM,上のパターンに当たらない 4 時間以下の欠落。休場宣言に該当なし,False,False,0,2022-09-06T21:00Z,2022-09-06T21:30Z
USDCHF,15m@v1,2022-10-09T21:15Z,2022-10-09T21:45Z,0.5,2022,SOURCE_DATA,MEDIUM,週の開場（日 17:00 NY）から 3 時間以内。開場中のはずの時間帯,False,False,0,2022-10-09T21:00Z,2022-10-09T21:45Z
USDCHF,15m@v1,2022-10-12T21:15Z,2022-10-12T21:30Z,0.25,2022,SOURCE_DATA,MEDIUM,上のパターンに当たらない 4 時間以下の欠落。休場宣言に該当なし,False,False,0,2022-10-12T21:00Z,2022-10-12T21:30Z
USDCHF,15m@v1,2022-10-16T21:00Z,2022-10-16T21:30Z,0.5,2022,SOURCE_DATA,MEDIUM,週の開場（日 17:00 NY）から 3 時間以内。開場中のはずの時間帯,False,False,0,2022-10-14T20:45Z,2022-10-16T21:30Z
USDCHF,15m@v1,2022-10-17T21:15Z,2022-10-17T21:30Z,0.25,2022,SOURCE_DATA,MEDIUM,上のパターンに当たらない 4 時間以下の欠落。休場宣言に該当なし,False,False,0,2022-10-17T21:00Z,2022-10-17T21:30Z
USDCHF,15m@v1,2022-10-18T21:15Z,2022-10-18T21:30Z,0.25,2022,SOURCE_DATA,MEDIUM,上のパターンに当たらない 4 時間以下の欠落。休場宣言に該当なし,False,False,0,2022-10-18T21:00Z,2022-10-18T21:30Z
USDCHF,15m@v1,2022-10-30T21:00Z,2022-10-30T21:30Z,0.5,2022,SOURCE_DATA,MEDIUM,週の開場（日 17:00 NY）から 3 時間以内。開場中のはずの時間帯,False,False,0,2022-10-28T20:45Z,2022-10-30T21:30Z
USDCHF,15m@v1,2022-11-27T22:15Z,2022-11-27T22:30Z,0.25,2022,SOURCE_DATA,MEDIUM,週の開場（日 17:00 NY）から 3 時間以内。開場中のはずの時間帯,False,False,0,2022-11-27T22:00Z,2022-11-27T22:30Z
USDCHF,15m@v1,2023-01-01T22:15Z,2023-01-01T23:00Z,0.75,2023,SOURCE_DATA,MEDIUM,週の開場（日 17:00 NY）から 3 時間以内。開場中のはずの時間帯,False,False,0,2023-01-01T22:00Z,2023-01-01T23:00Z
USDCHF,15m@v1,2023-01-02T22:15Z,2023-01-02T22:45Z,0.5,2023,SOURCE_DATA,MEDIUM,上のパターンに当たらない 4 時間以下の欠落。休場宣言に該当なし,False,False,0,2023-01-02T22:00Z,2023-01-02T22:45Z
USDCHF,15m@v1,2023-03-19T21:15Z,2023-03-19T21:30Z,0.25,2023,SOURCE_DATA,MEDIUM,週の開場（日 17:00 NY）から 3 時間以内。開場中のはずの時間帯,False,False,0,2023-03-19T21:00Z,2023-03-19T21:30Z
USDCHF,15m@v1,2023-04-30T21:00Z,2023-04-30T21:15Z,0.25,2023,SOURCE_DATA,MEDIUM,週の開場（日 17:00 NY）から 3 時間以内。開場中のはずの時間帯,False,False,0,2023-04-28T20:45Z,2023-04-30T21:15Z
USDCHF,15m@v1,2023-09-25T10:15Z,2023-09-25T11:00Z,0.75,2023,SOURCE_DATA,MEDIUM,上のパターンに当たらない 4 時間以下の欠落。休場宣言に該当なし,True,False,0,2023-09-25T10:00Z,2023-09-25T11:00Z
USDCHF,15m@v1,2023-12-24T22:00Z,2023-12-24T23:00Z,1.0,2023,SOURCE_DATA,MEDIUM,週の開場（日 17:00 NY）から 3 時間以内。開場中のはずの時間帯,True,True,0,2023-12-22T21:45Z,2023-12-24T23:00Z
USDCHF,15m@v1,2023-12-25T01:00Z,2023-12-25T08:00Z,7.0,2023,UNKNOWN,LOW,4 時間を超え、上のパターンに当たらない欠落。個別の確認が要る,False,True,0,2023-12-25T00:45Z,2023-12-25T22:00Z
USDCHF,1h@v1,2016-12-26T07:00Z,2016-12-26T23:00Z,16.0,2016,CALENDAR_UNDECLARED_OR_PARTLY_SOURCE,LOW,2016 年クリスマス翌日の大きな欠落。2016 年は休場宣言が無い年,False,True,0,2016-12-26T06:00Z,2016-12-26T23:00Z
USDCHF,1h@v1,2017-01-01T22:00Z,2017-01-02T07:00Z,9.0,2017,CALENDAR,LOW,2017 年元日（日曜）の週の開場（日 17:00 NY）から月 02:00 NY までの 9 時間。fx_ny17 v2 の休場宣言は 2017-12-25 から始まり、2017 年の元日の前後は未宣言。2018 年以降の元日の宣言（前日 17:00〜当日 17:00 NY の 24 時間）とは長さも位置も一致しない,True,True,0,2016-12-30T21:00Z,2017-01-02T07:00Z
USDCHF,1h@v1,2019-03-10T21:00Z,2019-03-10T22:00Z,1.0,2019,SOURCE_DATA,MEDIUM,週の開場（日 17:00 NY）から 3 時間以内。開場中のはずの時間帯,False,True,0,2019-03-08T21:00Z,2019-03-10T22:00Z
USDCHF,1h@v1,2019-03-31T23:00Z,2019-04-01T00:00Z,1.0,2019,SOURCE_DATA,MEDIUM,週の開場（日 17:00 NY）から 3 時間以内。開場中のはずの時間帯,True,True,0,2019-03-31T22:00Z,2019-04-01T00:00Z
USDCHF,1h@v1,2019-05-26T21:00Z,2019-05-27T08:00Z,11.0,2019,UNKNOWN,LOW,4 時間を超え、上のパターンに当たらない欠落。個別の確認が要る,False,True,0,2019-05-24T20:00Z,2019-05-27T08:00Z
USDCHF,1h@v1,2019-05-27T09:00Z,2019-05-27T10:00Z,1.0,2019,SOURCE_DATA,MEDIUM,上のパターンに当たらない 4 時間以下の欠落。休場宣言に該当なし,False,True,0,2019-05-27T08:00Z,2019-05-27T10:00Z
USDCHF,1h@v1,2020-03-29T23:00Z,2020-03-30T00:00Z,1.0,2020,SOURCE_DATA,MEDIUM,週の開場（日 17:00 NY）から 3 時間以内。開場中のはずの時間帯,True,True,0,2020-03-29T22:00Z,2020-03-30T00:00Z
USDCHF,1h@v1,2020-11-30T05:00Z,2020-12-01T00:00Z,19.0,2020,SOURCE_DATA_KNOWN,HIGH,2020-11-30 単発の大規模欠損。manifest の分類の注記に「既知の休場と一致しない」と明記,True,True,0,2020-11-30T04:00Z,2020-12-01T00:00Z
USDCHF,1h@v1,2021-03-28T23:00Z,2021-03-29T00:00Z,1.0,2021,SOURCE_DATA,MEDIUM,週の開場（日 17:00 NY）から 3 時間以内。開場中のはずの時間帯,True,True,0,2021-03-28T22:00Z,2021-03-29T00:00Z
USDCHF,1h@v1,2021-05-31T04:00Z,2021-06-01T00:00Z,20.0,2021,SOURCE_DATA_KNOWN,HIGH,2021-05-31 単発の大規模欠損。manifest の分類の注記に「既知の休場と一致しない」と明記,True,True,0,2021-05-31T03:00Z,2021-06-01T00:00Z
USDCHF,1h@v1,2022-03-27T23:00Z,2022-03-28T00:00Z,1.0,2022,SOURCE_DATA,MEDIUM,週の開場（日 17:00 NY）から 3 時間以内。開場中のはずの時間帯,True,True,0,2022-03-27T22:00Z,2022-03-28T00:00Z
USDCHF,1h@v1,2022-05-19T21:00Z,2022-05-19T22:00Z,1.0,2022,SOURCE_DATA,MEDIUM,上のパターンに当たらない 4 時間以下の欠落。休場宣言に該当なし,False,True,0,2022-05-19T20:00Z,2022-05-19T22:00Z
USDCHF,1h@v1,2022-07-25T01:00Z,2022-07-25T02:00Z,1.0,2022,SOURCE_DATA,MEDIUM,上のパターンに当たらない 4 時間以下の欠落。休場宣言に該当なし,False,True,0,2022-07-25T00:00Z,2022-07-25T02:00Z
USDCHF,1h@v1,2022-07-25T11:00Z,2022-07-25T12:00Z,1.0,2022,SOURCE_DATA,MEDIUM,上のパターンに当たらない 4 時間以下の欠落。休場宣言に該当なし,False,True,0,2022-07-25T10:00Z,2022-07-25T12:00Z
USDCHF,1h@v1,2022-07-25T16:00Z,2022-07-25T17:00Z,1.0,2022,SOURCE_DATA,MEDIUM,上のパターンに当たらない 4 時間以下の欠落。休場宣言に該当なし,False,True,0,2022-07-25T15:00Z,2022-07-25T17:00Z
USDCHF,1h@v1,2023-12-24T22:00Z,2023-12-24T23:00Z,1.0,2023,SOURCE_DATA,MEDIUM,週の開場（日 17:00 NY）から 3 時間以内。開場中のはずの時間帯,True,True,0,2023-12-22T21:00Z,2023-12-24T23:00Z
USDCHF,1h@v1,2023-12-25T01:00Z,2023-12-25T08:00Z,7.0,2023,UNKNOWN,LOW,4 時間を超え、上のパターンに当たらない欠落。個別の確認が要る,False,True,0,2023-12-25T00:00Z,2023-12-25T22:00Z
USDJPY,15m@v1,2016-12-25T22:00Z,2016-12-25T22:30Z,0.5,2016,SOURCE_DATA,MEDIUM,週の開場（日 17:00 NY）から 3 時間以内。開場中のはずの時間帯,False,False,0,2016-12-23T21:45Z,2016-12-25T22:30Z
USDJPY,15m@v1,2016-12-26T07:00Z,2016-12-26T23:00Z,16.0,2016,CALENDAR_UNDECLARED_OR_PARTLY_SOURCE,LOW,2016 年クリスマス翌日の大きな欠落。2016 年は休場宣言が無い年,False,True,0,2016-12-26T06:45Z,2016-12-26T23:00Z
USDJPY,15m@v1,2017-01-01T22:00Z,2017-01-02T07:00Z,9.0,2017,CALENDAR,LOW,2017 年元日（日曜）の週の開場（日 17:00 NY）から月 02:00 NY までの 9 時間。fx_ny17 v2 の休場宣言は 2017-12-25 から始まり、2017 年の元日の前後は未宣言。2018 年以降の元日の宣言（前日 17:00〜当日 17:00 NY の 24 時間）とは長さも位置も一致しない,True,True,0,2016-12-30T21:45Z,2017-01-02T07:00Z
USDJPY,15m@v1,2019-03-10T21:00Z,2019-03-10T22:00Z,1.0,2019,SOURCE_DATA,MEDIUM,週の開場（日 17:00 NY）から 3 時間以内。開場中のはずの時間帯,False,True,0,2019-03-08T21:45Z,2019-03-10T22:00Z
USDJPY,15m@v1,2019-03-31T23:00Z,2019-04-01T00:00Z,1.0,2019,SOURCE_DATA,MEDIUM,週の開場（日 17:00 NY）から 3 時間以内。開場中のはずの時間帯,True,True,0,2019-03-31T22:45Z,2019-04-01T00:00Z
USDJPY,15m@v1,2019-05-26T21:00Z,2019-05-26T23:45Z,2.75,2019,SOURCE_DATA,MEDIUM,週の開場（日 17:00 NY）から 3 時間以内。開場中のはずの時間帯,True,True,0,2019-05-24T20:45Z,2019-05-26T23:45Z
USDJPY,15m@v1,2019-12-24T22:00Z,2019-12-24T23:00Z,1.0,2019,CALENDAR_ADJACENT_OR_SOURCE,LOW,クリスマスの短縮宣言に時間的に隣接する短い欠落。宣言区間そのものではない,False,True,0,2019-12-24T21:45Z,2019-12-24T23:00Z
USDJPY,15m@v1,2019-12-25T08:00Z,2019-12-25T09:00Z,1.0,2019,CALENDAR_ADJACENT_OR_SOURCE,LOW,クリスマスの短縮宣言に時間的に隣接する短い欠落。宣言区間そのものではない,False,True,0,2019-12-25T07:45Z,2019-12-25T22:00Z
USDJPY,15m@v1,2019-12-31T15:00Z,2019-12-31T16:00Z,1.0,2019,SOURCE_DATA,MEDIUM,上のパターンに当たらない 4 時間以下の欠落。休場宣言に該当なし,False,True,0,2019-12-31T14:45Z,2019-12-31T16:00Z
USDJPY,15m@v1,2020-03-29T23:00Z,2020-03-30T00:00Z,1.0,2020,SOURCE_DATA,MEDIUM,週の開場（日 17:00 NY）から 3 時間以内。開場中のはずの時間帯,True,True,0,2020-03-29T22:45Z,2020-03-30T00:00Z
USDJPY,15m@v1,2020-11-30T05:00Z,2020-12-01T00:00Z,19.0,2020,SOURCE_DATA_KNOWN,HIGH,2020-11-30 単発の大規模欠損。manifest の分類の注記に「既知の休場と一致しない」と明記,True,True,0,2020-11-30T04:45Z,2020-12-01T00:00Z
USDJPY,15m@v1,2021-03-28T23:00Z,2021-03-29T00:00Z,1.0,2021,SOURCE_DATA,MEDIUM,週の開場（日 17:00 NY）から 3 時間以内。開場中のはずの時間帯,True,True,0,2021-03-28T22:45Z,2021-03-29T00:00Z
USDJPY,15m@v1,2021-05-31T04:00Z,2021-06-01T00:00Z,20.0,2021,SOURCE_DATA_KNOWN,HIGH,2021-05-31 単発の大規模欠損。manifest の分類の注記に「既知の休場と一致しない」と明記,True,True,0,2021-05-31T03:45Z,2021-06-01T00:00Z
USDJPY,15m@v1,2022-03-27T23:00Z,2022-03-28T00:00Z,1.0,2022,SOURCE_DATA,MEDIUM,週の開場（日 17:00 NY）から 3 時間以内。開場中のはずの時間帯,True,True,0,2022-03-27T22:45Z,2022-03-28T00:00Z
USDJPY,15m@v1,2022-06-26T21:00Z,2022-06-26T21:30Z,0.5,2022,SOURCE_DATA,MEDIUM,週の開場（日 17:00 NY）から 3 時間以内。開場中のはずの時間帯,False,False,0,2022-06-24T20:45Z,2022-06-26T21:30Z
USDJPY,15m@v1,2022-09-01T03:00Z,2022-09-01T04:00Z,1.0,2022,SOURCE_DATA,MEDIUM,上のパターンに当たらない 4 時間以下の欠落。休場宣言に該当なし,False,True,0,2022-09-01T02:45Z,2022-09-01T04:00Z
USDJPY,15m@v1,2022-09-01T18:00Z,2022-09-01T19:00Z,1.0,2022,SOURCE_DATA,MEDIUM,上のパターンに当たらない 4 時間以下の欠落。休場宣言に該当なし,False,True,0,2022-09-01T17:45Z,2022-09-01T19:00Z
USDJPY,15m@v1,2023-09-25T10:15Z,2023-09-25T11:00Z,0.75,2023,SOURCE_DATA,MEDIUM,上のパターンに当たらない 4 時間以下の欠落。休場宣言に該当なし,True,False,0,2023-09-25T10:00Z,2023-09-25T11:00Z
USDJPY,15m@v1,2023-12-24T22:00Z,2023-12-24T23:30Z,1.5,2023,SOURCE_DATA,MEDIUM,週の開場（日 17:00 NY）から 3 時間以内。開場中のはずの時間帯,False,True,0,2023-12-22T21:45Z,2023-12-24T23:30Z
USDJPY,1h@v1,2016-12-26T07:00Z,2016-12-26T23:00Z,16.0,2016,CALENDAR_UNDECLARED_OR_PARTLY_SOURCE,LOW,2016 年クリスマス翌日の大きな欠落。2016 年は休場宣言が無い年,False,True,0,2016-12-26T06:00Z,2016-12-26T23:00Z
USDJPY,1h@v1,2017-01-01T22:00Z,2017-01-02T07:00Z,9.0,2017,CALENDAR,LOW,2017 年元日（日曜）の週の開場（日 17:00 NY）から月 02:00 NY までの 9 時間。fx_ny17 v2 の休場宣言は 2017-12-25 から始まり、2017 年の元日の前後は未宣言。2018 年以降の元日の宣言（前日 17:00〜当日 17:00 NY の 24 時間）とは長さも位置も一致しない,True,True,0,2016-12-30T21:00Z,2017-01-02T07:00Z
USDJPY,1h@v1,2019-03-10T21:00Z,2019-03-10T22:00Z,1.0,2019,SOURCE_DATA,MEDIUM,週の開場（日 17:00 NY）から 3 時間以内。開場中のはずの時間帯,False,True,0,2019-03-08T21:00Z,2019-03-10T22:00Z
USDJPY,1h@v1,2019-03-31T23:00Z,2019-04-01T00:00Z,1.0,2019,SOURCE_DATA,MEDIUM,週の開場（日 17:00 NY）から 3 時間以内。開場中のはずの時間帯,True,True,0,2019-03-31T22:00Z,2019-04-01T00:00Z
USDJPY,1h@v1,2019-05-26T21:00Z,2019-05-26T23:00Z,2.0,2019,SOURCE_DATA,MEDIUM,週の開場（日 17:00 NY）から 3 時間以内。開場中のはずの時間帯,True,True,0,2019-05-24T20:00Z,2019-05-26T23:00Z
USDJPY,1h@v1,2019-12-24T22:00Z,2019-12-24T23:00Z,1.0,2019,CALENDAR_ADJACENT_OR_SOURCE,LOW,クリスマスの短縮宣言に時間的に隣接する短い欠落。宣言区間そのものではない,False,True,0,2019-12-24T21:00Z,2019-12-24T23:00Z
USDJPY,1h@v1,2019-12-25T08:00Z,2019-12-25T09:00Z,1.0,2019,CALENDAR_ADJACENT_OR_SOURCE,LOW,クリスマスの短縮宣言に時間的に隣接する短い欠落。宣言区間そのものではない,False,True,0,2019-12-25T07:00Z,2019-12-25T22:00Z
USDJPY,1h@v1,2019-12-31T15:00Z,2019-12-31T16:00Z,1.0,2019,SOURCE_DATA,MEDIUM,上のパターンに当たらない 4 時間以下の欠落。休場宣言に該当なし,False,True,0,2019-12-31T14:00Z,2019-12-31T16:00Z
USDJPY,1h@v1,2020-03-29T23:00Z,2020-03-30T00:00Z,1.0,2020,SOURCE_DATA,MEDIUM,週の開場（日 17:00 NY）から 3 時間以内。開場中のはずの時間帯,True,True,0,2020-03-29T22:00Z,2020-03-30T00:00Z
USDJPY,1h@v1,2020-11-30T05:00Z,2020-12-01T00:00Z,19.0,2020,SOURCE_DATA_KNOWN,HIGH,2020-11-30 単発の大規模欠損。manifest の分類の注記に「既知の休場と一致しない」と明記,True,True,0,2020-11-30T04:00Z,2020-12-01T00:00Z
USDJPY,1h@v1,2021-03-28T23:00Z,2021-03-29T00:00Z,1.0,2021,SOURCE_DATA,MEDIUM,週の開場（日 17:00 NY）から 3 時間以内。開場中のはずの時間帯,True,True,0,2021-03-28T22:00Z,2021-03-29T00:00Z
USDJPY,1h@v1,2021-05-31T04:00Z,2021-06-01T00:00Z,20.0,2021,SOURCE_DATA_KNOWN,HIGH,2021-05-31 単発の大規模欠損。manifest の分類の注記に「既知の休場と一致しない」と明記,True,True,0,2021-05-31T03:00Z,2021-06-01T00:00Z
USDJPY,1h@v1,2022-03-27T23:00Z,2022-03-28T00:00Z,1.0,2022,SOURCE_DATA,MEDIUM,週の開場（日 17:00 NY）から 3 時間以内。開場中のはずの時間帯,True,True,0,2022-03-27T22:00Z,2022-03-28T00:00Z
USDJPY,1h@v1,2022-09-01T03:00Z,2022-09-01T04:00Z,1.0,2022,SOURCE_DATA,MEDIUM,上のパターンに当たらない 4 時間以下の欠落。休場宣言に該当なし,False,True,0,2022-09-01T02:00Z,2022-09-01T04:00Z
USDJPY,1h@v1,2022-09-01T18:00Z,2022-09-01T19:00Z,1.0,2022,SOURCE_DATA,MEDIUM,上のパターンに当たらない 4 時間以下の欠落。休場宣言に該当なし,False,True,0,2022-09-01T17:00Z,2022-09-01T19:00Z
USDJPY,1h@v1,2023-12-24T22:00Z,2023-12-24T23:00Z,1.0,2023,SOURCE_DATA,MEDIUM,週の開場（日 17:00 NY）から 3 時間以内。開場中のはずの時間帯,True,True,0,2023-12-22T21:00Z,2023-12-24T23:00Z
